adm0_name,adm1_id,adm1_name,date,cum_confirmed_cases,cum_confirmed_cases_imputed,population,cum_hospitalized,event_cancel,event_cancel_popwt,home_isolation,home_isolation_popwt,no_gathering_popwt,no_gathering_inside,no_gathering_inside_popwt,social_distance,social_distance_popwt,social_distance_opt,business_closure,no_gathering,testing_regime,no_gathering_size,school_closure,school_closure_popwt
FRA,11,IledeFrance,2020-02-15,5,5,12278210,,0,0,0,0,0,0,0,0,0,0,0,0,0,99999,0,0
FRA,11,IledeFrance,2020-02-16,6,5,12278210,,0,0,0,0,0,0,0,0,0,0,0,0,0,99999,0,0
FRA,11,IledeFrance,2020-02-17,7,5,12278210,,0,0,0,0,0,0,0,0,0,0,0,0,0,99999,0,0
FRA,11,IledeFrance,2020-02-18,8,5,12278210,,0,0,0,0,0,0,0,0,0,0,0,0,0,99999,0,0
FRA,11,IledeFrance,2020-02-19,10,5,12278210,,0,0,0,0,0,0,0,0,0,0,0,0,0,99999,0,0
FRA,11,IledeFrance,2020-02-20,12,5,12278210,,0,0,0,0,0,0,0,0,0,0,0,0,0,99999,0,0
FRA,11,IledeFrance,2020-02-21,15,5,12278210,,0,0,0,0,0,0,0,0,0,0,0,0,0,99999,0,0
FRA,11,IledeFrance,2020-02-22,18,5,12278210,,0,0,0,0,0,0,0,0,0,0,0,0,0,99999,0,0
FRA,11,IledeFrance,2020-02-23,22,5,12278210,,0,0,0,0,0,0,0,0,0,0,0,0,0,99999,0,0
FRA,11,IledeFrance,2020-02-24,27,5,12278210,0,0,0,0,0,0,0,0,0,0,0,0,0,0,99999,0,0
FRA,11,IledeFrance,2020-02-25,32,6,12278210,0,0,0,0,0,0,0,0,0,0,0,0,0,0,99999,0,0
FRA,11,IledeFrance,2020-02-26,39,6,12278210,0,0,0,0,0,0,0,0,0,0,0,0,0,0,99999,0,0
FRA,11,IledeFrance,2020-02-27,47,9,12278210,0,0,0,0,0,0,0,0,0,0,0,0,0,0,99999,0,0
FRA,11,IledeFrance,2020-02-28,57,9,12278210,0,0,0,0,0,0,0,0,0,0,0,0,0,0,99999,0,0
FRA,11,IledeFrance,2020-02-29,69,14,12278210,1,0,0,0,0,0,0,0,0,0,0,0,1,0,5000,0,0
FRA,11,IledeFrance,2020-03-01,83,20,12278210,1,0,0,0,0,0,0,0,0,0,0,0,1,0,5000,0,0
FRA,11,IledeFrance,2020-03-02,101,34,12278210,6,0,0,0,0,0,0,0,0,0,0,0,1,0,5000,0,0
FRA,11,IledeFrance,2020-03-03,122,37,12278210,12,0,0,0,0,0,0,0,0,0,0,0,1,0,5000,0,0
FRA,11,IledeFrance,2020-03-04,147,55,12278210,23,0,0,0,0,0,0,0,0,0,0,0,1,0,5000,0,0
FRA,11,IledeFrance,2020-03-05,178,76,12278210,37,0,0,0,0,0,0,0,0,0,0,0,1,0,5000,0,0
FRA,11,IledeFrance,2020-03-06,214,89,12278210,59,0,0,0,0,0,0,0,0,0,0,0,1,0,5000,1,.1360254
FRA,11,IledeFrance,2020-03-07,259,104,12278210,76,0,0,0,0,0,0,0,0,0,0,0,1,0,5000,1,.2376978
FRA,11,IledeFrance,2020-03-08,313,243,12278210,95,0,0,0,0,0,0,0,0,0,0,0,1,0,1000,1,.3451565
FRA,11,IledeFrance,2020-03-09,377,300,12278210,143,0,0,0,0,0,0,0,0,0,0,0,1,0,1000,1,.638106
FRA,11,IledeFrance,2020-03-10,456,334,12278210,195,0,0,0,0,0,0,0,0,0,0,0,1,0,1000,1,.638106
FRA,11,IledeFrance,2020-03-11,550,492,12278210,250,0,0,0,0,0,0,0,.5,.5,0,0,1,0,1000,1,.638106
FRA,11,IledeFrance,2020-03-12,664,577,12278210,338,0,0,0,0,0,0,0,.5,.5,0,0,1,0,1000,1,.638106
FRA,11,IledeFrance,2020-03-13,801,721,12278210,439,0,0,0,0,0,0,0,1,.6464747712,0,0,1,0,100,1,.638106
FRA,11,IledeFrance,2020-03-14,967,949,12278210,526,0,0,0,0,0,0,0,1,.6464747712,0,0,1,0,100,1,.638106
FRA,11,IledeFrance,2020-03-15,1168,1209,12278210,628,0,0,0,0,0,0,0,1,.6464747712,0,1,1,1,100,1,.638106
FRA,11,IledeFrance,2020-03-16,1409,1762,12278210,762,0,0,0,0,0,0,0,1,.6464747712,0,1,1,1,100,1,1
FRA,11,IledeFrance,2020-03-17,1701,2177,12278210,942,1,1,.33000001,.3300000131,0,1,1,1,1,0,1,1,1,2,1,1
FRA,11,IledeFrance,2020-03-18,2053,2693,12278210,1124,1,1,.33000001,.3300000131,0,1,1,1,1,0,1,1,1,2,1,1
FRA,11,IledeFrance,2020-03-19,2478,3384,12278210,1395,1,1,.33000001,.3300000131,0,1,1,1,1,0,1,1,1,2,1,1
FRA,11,IledeFrance,2020-03-20,2991,3818,12278210,1696,1,1,.33000001,.3300000131,0,1,1,1,1,0,1,1,1,2,1,1
FRA,11,IledeFrance,2020-03-21,3610,4695,12278210,1984,1,1,.33000001,.3300000131,0,1,1,1,1,0,1,1,1,2,1,1
FRA,11,IledeFrance,2020-03-22,4357,5283,12278210,2295,1,1,.33000001,.3300000131,0,1,1,1,1,0,1,1,1,2,1,1
FRA,11,IledeFrance,2020-03-23,5258,6211,12278210,2757,1,1,1,1,0,1,1,1,1,0,1,1,1,2,1,1
FRA,11,IledeFrance,2020-03-24,6346,6798,12278210,3304,1,1,1,1,0,1,1,1,1,0,1,1,1,2,1,1
FRA,11,IledeFrance,2020-03-25,7660,7660,12278210,3876,1,1,1,1,0,1,1,1,1,0,1,1,1,2,1,1
FRA,11,IledeFrance,2020-03-26,,,12278210,4460,1,1,1,1,0,1,1,1,1,0,1,1,1,2,1,1
FRA,11,IledeFrance,2020-03-27,,,12278210,5174,1,1,1,1,0,1,1,1,1,0,1,1,1,2,1,1
FRA,11,IledeFrance,2020-03-28,,,12278210,5717,1,1,1,1,0,1,1,1,1,0,1,1,1,2,1,1
FRA,11,IledeFrance,2020-03-29,,,12278210,6182,1,1,1,1,0,1,1,1,1,0,1,1,1,2,1,1
FRA,11,IledeFrance,2020-03-30,,,12278210,6895,1,1,1,1,0,1,1,1,1,0,1,1,1,2,1,1
FRA,11,IledeFrance,2020-03-31,,,12278210,7487,1,1,1,1,0,1,1,1,1,0,1,1,1,2,1,1
FRA,11,IledeFrance,2020-04-01,,,12278210,7981,1,1,1,1,0,1,1,1,1,0,1,1,1,2,1,1
FRA,11,IledeFrance,2020-04-02,,,12278210,8508,1,1,1,1,0,1,1,1,1,0,1,1,1,2,1,1
FRA,11,IledeFrance,2020-04-03,,,12278210,8972,1,1,1,1,0,1,1,1,1,0,1,1,1,2,1,1
FRA,11,IledeFrance,2020-04-04,,,12278210,9337,1,1,1,1,0,1,1,1,1,0,1,1,1,2,1,1
FRA,11,IledeFrance,2020-04-05,,,12278210,9630,1,1,1,1,0,1,1,1,1,0,1,1,1,2,1,1
FRA,11,IledeFrance,2020-04-06,,,12278210,10012,1,1,1,1,0,1,1,1,1,0,1,1,1,2,1,1
FRA,24,Centre,2020-02-15,0,0,2559073,,0,0,0,0,0,0,0,0,0,0,0,0,0,99999,0,0
FRA,24,Centre,2020-02-16,0,0,2559073,,0,0,0,0,0,0,0,0,0,0,0,0,0,99999,0,0
FRA,24,Centre,2020-02-17,0,0,2559073,,0,0,0,0,0,0,0,0,0,0,0,0,0,99999,0,0
FRA,24,Centre,2020-02-18,0,0,2559073,,0,0,0,0,0,0,0,0,0,0,0,0,0,99999,0,0
FRA,24,Centre,2020-02-19,0,0,2559073,,0,0,0,0,0,0,0,0,0,0,0,0,0,99999,0,0
FRA,24,Centre,2020-02-20,0,0,2559073,,0,0,0,0,0,0,0,0,0,0,0,0,0,99999,0,0
FRA,24,Centre,2020-02-21,0,0,2559073,,0,0,0,0,0,0,0,0,0,0,0,0,0,99999,0,0
FRA,24,Centre,2020-02-22,0,0,2559073,,0,0,0,0,0,0,0,0,0,0,0,0,0,99999,0,0
FRA,24,Centre,2020-02-23,0,0,2559073,,0,0,0,0,0,0,0,0,0,0,0,0,0,99999,0,0
FRA,24,Centre,2020-02-24,0,0,2559073,0,0,0,0,0,0,0,0,0,0,0,0,0,0,99999,0,0
FRA,24,Centre,2020-02-25,0,0,2559073,0,0,0,0,0,0,0,0,0,0,0,0,0,0,99999,0,0
FRA,24,Centre,2020-02-26,0,0,2559073,0,0,0,0,0,0,0,0,0,0,0,0,0,0,99999,0,0
FRA,24,Centre,2020-02-27,0,0,2559073,0,0,0,0,0,0,0,0,0,0,0,0,0,0,99999,0,0
FRA,24,Centre,2020-02-28,0,0,2559073,0,0,0,0,0,0,0,0,0,0,0,0,0,0,99999,0,0
FRA,24,Centre,2020-02-29,,0,2559073,0,0,0,0,0,0,0,0,0,0,0,0,1,0,5000,0,0
FRA,24,Centre,2020-03-01,,0,2559073,0,0,0,0,0,0,0,0,0,0,0,0,1,0,5000,0,0
FRA,24,Centre,2020-03-02,0,0,2559073,0,0,0,0,0,0,0,0,0,0,0,0,1,0,5000,0,0
FRA,24,Centre,2020-03-03,0,0,2559073,0,0,0,0,0,0,0,0,0,0,0,0,1,0,5000,0,0
FRA,24,Centre,2020-03-04,0,0,2559073,0,0,0,0,0,0,0,0,0,0,0,0,1,0,5000,0,0
FRA,24,Centre,2020-03-05,2,2,2559073,0,0,0,0,0,0,0,0,0,0,0,0,1,0,5000,1,.2668505
FRA,24,Centre,2020-03-06,2,11,2559073,0,0,0,0,0,0,0,0,0,0,0,0,1,0,5000,1,.2668505
FRA,24,Centre,2020-03-07,3,16,2559073,0,0,0,0,0,0,0,0,0,0,0,0,1,0,5000,1,.2668505
FRA,24,Centre,2020-03-08,4,16,2559073,1,0,0,0,0,0,0,0,0,0,0,0,1,0,1000,1,.2668505
FRA,24,Centre,2020-03-09,6,17,2559073,2,0,0,0,0,0,0,0,0,0,0,0,1,0,1000,1,.2668505
FRA,24,Centre,2020-03-10,8,18,2559073,3,0,0,0,0,0,0,0,0,0,0,0,1,0,1000,1,.3949575
FRA,24,Centre,2020-03-11,10,20,2559073,3,0,0,0,0,0,0,0,.5,.5,0,0,1,0,1000,1,.3949575
FRA,24,Centre,2020-03-12,14,30,2559073,4,0,0,0,0,0,0,0,.5,.5,0,0,1,0,1000,1,.5107822
FRA,24,Centre,2020-03-13,19,33,2559073,5,0,0,0,0,0,0,0,.5,.5,0,0,1,0,100,1,.5107822
FRA,24,Centre,2020-03-14,25,54,2559073,7,0,0,0,0,0,0,0,.5,.5,0,0,1,0,100,1,.5107822
FRA,24,Centre,2020-03-15,33,71,2559073,12,0,0,0,0,0,0,0,.5,.5,0,1,1,1,100,1,.5107822
FRA,24,Centre,2020-03-16,44,90,2559073,18,0,0,0,0,0,0,0,.5,.5,0,1,1,1,100,1,1
FRA,24,Centre,2020-03-17,58,103,2559073,28,1,1,.33000001,.3300000131,0,1,1,1,1,0,1,1,1,2,1,1
FRA,24,Centre,2020-03-18,78,128,2559073,33,1,1,.33000001,.3300000131,0,1,1,1,1,0,1,1,1,2,1,1
FRA,24,Centre,2020-03-19,103,157,2559073,46,1,1,.33000001,.3300000131,0,1,1,1,1,0,1,1,1,2,1,1
FRA,24,Centre,2020-03-20,137,219,2559073,62,1,1,.33000001,.3300000131,0,1,1,1,1,0,1,1,1,2,1,1
FRA,24,Centre,2020-03-21,181,254,2559073,79,1,1,.33000001,.3300000131,0,1,1,1,1,0,1,1,1,2,1,1
FRA,24,Centre,2020-03-22,240,291,2559073,92,1,1,.33000001,.3300000131,0,1,1,1,1,0,1,1,1,2,1,1
FRA,24,Centre,2020-03-23,319,361,2559073,114,1,1,1,1,0,1,1,1,1,0,1,1,1,2,1,1
FRA,24,Centre,2020-03-24,423,450,2559073,128,1,1,1,1,0,1,1,1,1,0,1,1,1,2,1,1
FRA,24,Centre,2020-03-25,560,561,2559073,141,1,1,1,1,0,1,1,1,1,0,1,1,1,2,1,1
FRA,24,Centre,2020-03-26,,,2559073,158,1,1,1,1,0,1,1,1,1,0,1,1,1,2,1,1
FRA,24,Centre,2020-03-27,,,2559073,201,1,1,1,1,0,1,1,1,1,0,1,1,1,2,1,1
FRA,24,Centre,2020-03-28,,,2559073,234,1,1,1,1,0,1,1,1,1,0,1,1,1,2,1,1
FRA,24,Centre,2020-03-29,,,2559073,266,1,1,1,1,0,1,1,1,1,0,1,1,1,2,1,1
FRA,24,Centre,2020-03-30,,,2559073,314,1,1,1,1,0,1,1,1,1,0,1,1,1,2,1,1
FRA,24,Centre,2020-03-31,,,2559073,357,1,1,1,1,0,1,1,1,1,0,1,1,1,2,1,1
FRA,24,Centre,2020-04-01,,,2559073,393,1,1,1,1,0,1,1,1,1,0,1,1,1,2,1,1
FRA,24,Centre,2020-04-02,,,2559073,426,1,1,1,1,0,1,1,1,1,0,1,1,1,2,1,1
FRA,24,Centre,2020-04-03,,,2559073,465,1,1,1,1,0,1,1,1,1,0,1,1,1,2,1,1
FRA,24,Centre,2020-04-04,,,2559073,482,1,1,1,1,0,1,1,1,1,0,1,1,1,2,1,1
FRA,24,Centre,2020-04-05,,,2559073,498,1,1,1,1,0,1,1,1,1,0,1,1,1,2,1,1
FRA,24,Centre,2020-04-06,,,2559073,523,1,1,1,1,0,1,1,1,1,0,1,1,1,2,1,1
FRA,27,BourgogneFrancheComté,2020-02-15,0,0,2783039,,0,0,0,0,0,0,0,0,0,0,0,0,0,99999,0,0
FRA,27,BourgogneFrancheComté,2020-02-16,0,0,2783039,,0,0,0,0,0,0,0,0,0,0,0,0,0,99999,0,0
FRA,27,BourgogneFrancheComté,2020-02-17,0,0,2783039,,0,0,0,0,0,0,0,0,0,0,0,0,0,99999,0,0
FRA,27,BourgogneFrancheComté,2020-02-18,0,0,2783039,,0,0,0,0,0,0,0,0,0,0,0,0,0,99999,0,0
FRA,27,BourgogneFrancheComté,2020-02-19,0,0,2783039,,0,0,0,0,0,0,0,0,0,0,0,0,0,99999,0,0
FRA,27,BourgogneFrancheComté,2020-02-20,0,0,2783039,,0,0,0,0,0,0,0,0,0,0,0,0,0,99999,0,0
FRA,27,BourgogneFrancheComté,2020-02-21,0,0,2783039,,0,0,0,0,0,0,0,0,0,0,0,0,0,99999,0,0
FRA,27,BourgogneFrancheComté,2020-02-22,0,0,2783039,,0,0,0,0,0,0,0,0,0,0,0,0,0,99999,0,0
FRA,27,BourgogneFrancheComté,2020-02-23,0,0,2783039,,0,0,0,0,0,0,0,0,0,0,0,0,0,99999,0,0
FRA,27,BourgogneFrancheComté,2020-02-24,0,0,2783039,0,0,0,0,0,0,0,0,0,0,0,0,0,0,99999,0,0
FRA,27,BourgogneFrancheComté,2020-02-25,0,0,2783039,0,0,0,0,0,0,0,0,0,0,0,0,0,0,99999,0,0
FRA,27,BourgogneFrancheComté,2020-02-26,0,0,2783039,0,0,0,0,0,0,0,0,0,0,0,0,0,0,99999,0,0
FRA,27,BourgogneFrancheComté,2020-02-27,4,4,2783039,0,0,0,0,0,0,0,0,0,0,0,0,0,0,99999,0,0
FRA,27,BourgogneFrancheComté,2020-02-28,4,5,2783039,0,0,0,0,0,0,0,0,0,0,0,0,0,0,99999,0,0
FRA,27,BourgogneFrancheComté,2020-02-29,6,6,2783039,0,0,0,0,0,0,0,0,0,0,0,0,1,0,5000,0,0
FRA,27,BourgogneFrancheComté,2020-03-01,7,8,2783039,7,0,0,0,0,0,0,0,0,0,0,0,1,0,5000,0,0
FRA,27,BourgogneFrancheComté,2020-03-02,9,8,2783039,20,0,0,0,0,0,0,0,0,0,0,0,1,0,5000,0,0
FRA,27,BourgogneFrancheComté,2020-03-03,12,13,2783039,30,0,0,0,0,0,0,0,0,0,0,0,1,0,5000,0,0
FRA,27,BourgogneFrancheComté,2020-03-04,15,16,2783039,40,0,0,0,0,0,0,0,0,0,0,0,1,0,5000,0,0
FRA,27,BourgogneFrancheComté,2020-03-05,18,39,2783039,52,0,0,0,0,0,0,0,0,0,0,0,1,0,5000,0,0
FRA,27,BourgogneFrancheComté,2020-03-06,23,78,2783039,65,0,0,0,0,0,0,0,0,0,0,0,1,0,5000,0,0
FRA,27,BourgogneFrancheComté,2020-03-07,29,129,2783039,80,0,0,0,0,0,0,0,0,0,0,0,1,0,5000,0,0
FRA,27,BourgogneFrancheComté,2020-03-08,36,112,2783039,100,0,0,0,0,0,0,0,0,0,0,0,1,0,1000,0,0
FRA,27,BourgogneFrancheComté,2020-03-09,45,119,2783039,113,0,0,0,0,0,0,0,0,0,0,0,1,0,1000,0,0
FRA,27,BourgogneFrancheComté,2020-03-10,56,146,2783039,141,0,0,0,0,0,0,0,0,0,0,0,1,0,1000,0,0
FRA,27,BourgogneFrancheComté,2020-03-11,70,155,2783039,157,0,0,0,0,0,0,0,.5,.5,0,0,1,0,1000,0,0
FRA,27,BourgogneFrancheComté,2020-03-12,88,219,2783039,191,0,0,0,0,0,0,0,.5,.5,0,0,1,0,1000,0,0
FRA,27,BourgogneFrancheComté,2020-03-13,110,272,2783039,235,0,0,0,0,0,0,0,.5,.5,0,0,1,0,100,0,0
FRA,27,BourgogneFrancheComté,2020-03-14,137,339,2783039,264,0,0,0,0,0,0,0,.5,.5,0,0,1,0,100,0,0
FRA,27,BourgogneFrancheComté,2020-03-15,171,412,2783039,292,0,0,0,0,0,0,0,.5,.5,0,1,1,1,100,0,0
FRA,27,BourgogneFrancheComté,2020-03-16,214,507,2783039,330,0,0,0,0,0,0,0,.5,.5,0,1,1,1,100,1,1
FRA,27,BourgogneFrancheComté,2020-03-17,267,549,2783039,384,1,1,.33000001,.3300000131,0,1,1,1,1,0,1,1,1,2,1,1
FRA,27,BourgogneFrancheComté,2020-03-18,333,593,2783039,449,1,1,.33000001,.3300000131,0,1,1,1,1,0,1,1,1,2,1,1
FRA,27,BourgogneFrancheComté,2020-03-19,416,696,2783039,515,1,1,.33000001,.3300000131,0,1,1,1,1,0,1,1,1,2,1,1
FRA,27,BourgogneFrancheComté,2020-03-20,519,770,2783039,612,1,1,.33000001,.3300000131,0,1,1,1,1,0,1,1,1,2,1,1
FRA,27,BourgogneFrancheComté,2020-03-21,647,903,2783039,681,1,1,.33000001,.3300000131,0,1,1,1,1,0,1,1,1,2,1,1
FRA,27,BourgogneFrancheComté,2020-03-22,808,1178,2783039,762,1,1,.33000001,.3300000131,0,1,1,1,1,0,1,1,1,2,1,1
FRA,27,BourgogneFrancheComté,2020-03-23,1008,1347,2783039,893,1,1,1,1,0,1,1,1,1,0,1,1,1,2,1,1
FRA,27,BourgogneFrancheComté,2020-03-24,1257,1510,2783039,1002,1,1,1,1,0,1,1,1,1,0,1,1,1,2,1,1
FRA,27,BourgogneFrancheComté,2020-03-25,1568,1569,2783039,1115,1,1,1,1,0,1,1,1,1,0,1,1,1,2,1,1
FRA,27,BourgogneFrancheComté,2020-03-26,,,2783039,1234,1,1,1,1,0,1,1,1,1,0,1,1,1,2,1,1
FRA,27,BourgogneFrancheComté,2020-03-27,,,2783039,1414,1,1,1,1,0,1,1,1,1,0,1,1,1,2,1,1
FRA,27,BourgogneFrancheComté,2020-03-28,,,2783039,1543,1,1,1,1,0,1,1,1,1,0,1,1,1,2,1,1
FRA,27,BourgogneFrancheComté,2020-03-29,,,2783039,1628,1,1,1,1,0,1,1,1,1,0,1,1,1,2,1,1
FRA,27,BourgogneFrancheComté,2020-03-30,,,2783039,1754,1,1,1,1,0,1,1,1,1,0,1,1,1,2,1,1
FRA,27,BourgogneFrancheComté,2020-03-31,,,2783039,1872,1,1,1,1,0,1,1,1,1,0,1,1,1,2,1,1
FRA,27,BourgogneFrancheComté,2020-04-01,,,2783039,1965,1,1,1,1,0,1,1,1,1,0,1,1,1,2,1,1
FRA,27,BourgogneFrancheComté,2020-04-02,,,2783039,2056,1,1,1,1,0,1,1,1,1,0,1,1,1,2,1,1
FRA,27,BourgogneFrancheComté,2020-04-03,,,2783039,2180,1,1,1,1,0,1,1,1,1,0,1,1,1,2,1,1
FRA,27,BourgogneFrancheComté,2020-04-04,,,2783039,2268,1,1,1,1,0,1,1,1,1,0,1,1,1,2,1,1
FRA,27,BourgogneFrancheComté,2020-04-05,,,2783039,2341,1,1,1,1,0,1,1,1,1,0,1,1,1,2,1,1
FRA,27,BourgogneFrancheComté,2020-04-06,,,2783039,2420,1,1,1,1,0,1,1,1,1,0,1,1,1,2,1,1
FRA,28,Normandie,2020-02-15,0,0,3303500,,0,0,0,0,0,0,0,0,0,0,0,0,0,99999,0,0
FRA,28,Normandie,2020-02-16,0,0,3303500,,0,0,0,0,0,0,0,0,0,0,0,0,0,99999,0,0
FRA,28,Normandie,2020-02-17,0,0,3303500,,0,0,0,0,0,0,0,0,0,0,0,0,0,99999,0,0
FRA,28,Normandie,2020-02-18,0,0,3303500,,0,0,0,0,0,0,0,0,0,0,0,0,0,99999,0,0
FRA,28,Normandie,2020-02-19,0,0,3303500,,0,0,0,0,0,0,0,0,0,0,0,0,0,99999,0,0
FRA,28,Normandie,2020-02-20,0,0,3303500,,0,0,0,0,0,0,0,0,0,0,0,0,0,99999,0,0
FRA,28,Normandie,2020-02-21,0,0,3303500,,0,0,0,0,0,0,0,0,0,0,0,0,0,99999,0,0
FRA,28,Normandie,2020-02-22,0,0,3303500,,0,0,0,0,0,0,0,0,0,0,0,0,0,99999,0,0
FRA,28,Normandie,2020-02-23,0,0,3303500,,0,0,0,0,0,0,0,0,0,0,0,0,0,99999,0,0
FRA,28,Normandie,2020-02-24,0,0,3303500,0,0,0,0,0,0,0,0,0,0,0,0,0,0,99999,0,0
FRA,28,Normandie,2020-02-25,0,0,3303500,0,0,0,0,0,0,0,0,0,0,0,0,0,0,99999,0,0
FRA,28,Normandie,2020-02-26,0,0,3303500,0,0,0,0,0,0,0,0,0,0,0,0,0,0,99999,0,0
FRA,28,Normandie,2020-02-27,0,0,3303500,0,0,0,0,0,0,0,0,0,0,0,0,0,0,99999,0,0
FRA,28,Normandie,2020-02-28,0,0,3303500,1,0,0,0,0,0,0,0,0,0,0,0,0,0,99999,0,0
FRA,28,Normandie,2020-02-29,,0,3303500,1,0,0,0,0,0,0,0,0,0,0,0,1,0,5000,0,0
FRA,28,Normandie,2020-03-01,,0,3303500,1,0,0,0,0,0,0,0,0,0,0,0,1,0,5000,0,0
FRA,28,Normandie,2020-03-02,2,2,3303500,2,0,0,0,0,0,0,0,0,0,0,0,1,0,5000,0,0
FRA,28,Normandie,2020-03-03,2,2,3303500,2,0,0,0,0,0,0,0,0,0,0,0,1,0,5000,0,0
FRA,28,Normandie,2020-03-04,3,2,3303500,3,0,0,0,0,0,0,0,0,0,0,0,1,0,5000,0,0
FRA,28,Normandie,2020-03-05,4,6,3303500,7,0,0,0,0,0,0,0,0,0,0,0,1,0,5000,0,0
FRA,28,Normandie,2020-03-06,5,11,3303500,7,0,0,0,0,0,0,0,0,0,0,0,1,0,5000,0,0
FRA,28,Normandie,2020-03-07,7,11,3303500,9,0,0,0,0,0,0,0,0,0,0,0,1,0,5000,0,0
FRA,28,Normandie,2020-03-08,9,22,3303500,10,0,0,0,0,0,0,0,0,0,0,0,1,0,1000,0,0
FRA,28,Normandie,2020-03-09,11,25,3303500,11,0,0,0,0,0,1,.2093092175,.5,.1046546087,0,0,1,0,1000,1,.2093092
FRA,28,Normandie,2020-03-10,15,37,3303500,12,0,0,0,0,0,1,.2093092175,.5,.1046546087,0,0,1,0,1000,1,.2093092
FRA,28,Normandie,2020-03-11,19,54,3303500,14,0,0,0,0,0,1,.2093092175,1,.6046546087,0,0,1,0,1000,1,.2093092
FRA,28,Normandie,2020-03-12,25,68,3303500,16,0,0,0,0,0,1,.2093092175,1,.6046546087,0,0,1,0,1000,1,.2093092
FRA,28,Normandie,2020-03-13,32,97,3303500,25,0,0,0,0,0,1,.2093092175,1,.6046546087,0,0,1,0,100,1,.2093092
FRA,28,Normandie,2020-03-14,42,127,3303500,29,0,0,0,0,0,1,.2093092175,1,.6046546087,0,0,1,0,100,1,.2093092
FRA,28,Normandie,2020-03-15,54,143,3303500,33,0,0,0,0,0,1,.2093092175,1,.6046546087,0,1,1,1,100,1,.2093092
FRA,28,Normandie,2020-03-16,69,156,3303500,36,0,0,0,0,0,1,.2093092175,1,.6046546087,0,1,1,1,100,1,1
FRA,28,Normandie,2020-03-17,90,174,3303500,44,1,1,.33000001,.3300000131,0,1,1,1,1,0,1,1,1,2,1,1
FRA,28,Normandie,2020-03-18,116,208,3303500,59,1,1,.33000001,.3300000131,0,1,1,1,1,0,1,1,1,2,1,1
FRA,28,Normandie,2020-03-19,149,241,3303500,68,1,1,.33000001,.3300000131,0,1,1,1,1,0,1,1,1,2,1,1
FRA,28,Normandie,2020-03-20,193,287,3303500,80,1,1,.33000001,.3300000131,0,1,1,1,1,0,1,1,1,2,1,1
FRA,28,Normandie,2020-03-21,249,345,3303500,107,1,1,.33000001,.3300000131,0,1,1,1,1,0,1,1,1,2,1,1
FRA,28,Normandie,2020-03-22,321,462,3303500,122,1,1,.33000001,.3300000131,0,1,1,1,1,0,1,1,1,2,1,1
FRA,28,Normandie,2020-03-23,414,511,3303500,158,1,1,1,1,0,1,1,1,1,0,1,1,1,2,1,1
FRA,28,Normandie,2020-03-24,533,586,3303500,193,1,1,1,1,0,1,1,1,1,0,1,1,1,2,1,1
FRA,28,Normandie,2020-03-25,687,688,3303500,226,1,1,1,1,0,1,1,1,1,0,1,1,1,2,1,1
FRA,28,Normandie,2020-03-26,,,3303500,278,1,1,1,1,0,1,1,1,1,0,1,1,1,2,1,1
FRA,28,Normandie,2020-03-27,,,3303500,315,1,1,1,1,0,1,1,1,1,0,1,1,1,2,1,1
FRA,28,Normandie,2020-03-28,,,3303500,356,1,1,1,1,0,1,1,1,1,0,1,1,1,2,1,1
FRA,28,Normandie,2020-03-29,,,3303500,392,1,1,1,1,0,1,1,1,1,0,1,1,1,2,1,1
FRA,28,Normandie,2020-03-30,,,3303500,434,1,1,1,1,0,1,1,1,1,0,1,1,1,2,1,1
FRA,28,Normandie,2020-03-31,,,3303500,480,1,1,1,1,0,1,1,1,1,0,1,1,1,2,1,1
FRA,28,Normandie,2020-04-01,,,3303500,523,1,1,1,1,0,1,1,1,1,0,1,1,1,2,1,1
FRA,28,Normandie,2020-04-02,,,3303500,564,1,1,1,1,0,1,1,1,1,0,1,1,1,2,1,1
FRA,28,Normandie,2020-04-03,,,3303500,607,1,1,1,1,0,1,1,1,1,0,1,1,1,2,1,1
FRA,28,Normandie,2020-04-04,,,3303500,628,1,1,1,1,0,1,1,1,1,0,1,1,1,2,1,1
FRA,28,Normandie,2020-04-05,,,3303500,657,1,1,1,1,0,1,1,1,1,0,1,1,1,2,1,1
FRA,28,Normandie,2020-04-06,,,3303500,672,1,1,1,1,0,1,1,1,1,0,1,1,1,2,1,1
FRA,32,HautsdeFrance,2020-02-15,0,0,5962662,,0,0,0,0,0,0,0,0,0,0,0,0,0,99999,0,0
FRA,32,HautsdeFrance,2020-02-16,0,0,5962662,,0,0,0,0,0,0,0,0,0,0,0,0,0,99999,0,0
FRA,32,HautsdeFrance,2020-02-17,0,0,5962662,,0,0,0,0,0,0,0,0,0,0,0,0,0,99999,0,0
FRA,32,HautsdeFrance,2020-02-18,0,0,5962662,,0,0,0,0,0,0,0,0,0,0,0,0,0,99999,0,0
FRA,32,HautsdeFrance,2020-02-19,0,0,5962662,,0,0,0,0,0,0,0,0,0,0,0,0,0,99999,0,0
FRA,32,HautsdeFrance,2020-02-20,0,0,5962662,,0,0,0,0,0,0,0,0,0,0,0,0,0,99999,0,0
FRA,32,HautsdeFrance,2020-02-21,0,0,5962662,,0,0,0,0,0,0,0,0,0,0,0,0,0,99999,0,0
FRA,32,HautsdeFrance,2020-02-22,0,0,5962662,,0,0,0,0,0,0,0,0,0,0,0,0,0,99999,0,0
FRA,32,HautsdeFrance,2020-02-23,0,0,5962662,,0,0,0,0,0,0,0,0,0,0,0,0,0,99999,0,0
FRA,32,HautsdeFrance,2020-02-24,0,0,5962662,0,0,0,0,0,0,0,0,0,0,0,0,0,0,99999,0,0
FRA,32,HautsdeFrance,2020-02-25,0,0,5962662,0,0,0,0,0,0,0,0,0,0,0,0,0,0,99999,0,0
FRA,32,HautsdeFrance,2020-02-26,2,2,5962662,0,0,0,0,0,0,0,0,0,0,0,0,0,0,99999,0,0
FRA,32,HautsdeFrance,2020-02-27,2,9,5962662,0,0,0,0,0,0,0,0,0,0,0,0,0,0,99999,0,0
FRA,32,HautsdeFrance,2020-02-28,3,9,5962662,0,0,0,0,0,0,0,0,0,0,0,0,0,0,99999,0,0
FRA,32,HautsdeFrance,2020-02-29,4,17,5962662,0,0,0,0,0,.1383739343,0,0,0,0,0,0,1,0,2,0,0
FRA,32,HautsdeFrance,2020-03-01,5,23,5962662,3,0,0,0,0,.1383739343,0,0,0,0,0,0,1,0,2,0,0
FRA,32,HautsdeFrance,2020-03-02,6,45,5962662,8,0,0,0,0,.1383739343,0,0,0,0,0,0,1,0,2,0,0
FRA,32,HautsdeFrance,2020-03-03,8,59,5962662,9,0,0,0,0,.1383739343,0,0,0,0,0,0,1,0,2,0,0
FRA,32,HautsdeFrance,2020-03-04,10,65,5962662,10,0,0,0,0,.1383739343,0,0,0,0,0,0,1,0,2,0,0
FRA,32,HautsdeFrance,2020-03-05,13,74,5962662,13,0,0,0,0,.1383739343,0,0,0,0,0,0,1,0,2,0,0
FRA,32,HautsdeFrance,2020-03-06,17,97,5962662,15,0,0,0,0,.1383739343,0,0,0,0,0,0,1,0,2,1,.4342
FRA,32,HautsdeFrance,2020-03-07,22,173,5962662,18,0,0,0,0,.1383739343,0,0,0,0,0,0,1,0,2,1,.4342
FRA,32,HautsdeFrance,2020-03-08,28,173,5962662,21,0,0,0,0,.1383739343,0,0,0,0,0,0,1,0,2,1,.4342
FRA,32,HautsdeFrance,2020-03-09,36,181,5962662,27,0,0,0,0,.1383739343,1,.1383739343,0,0,0,0,1,0,2,1,.4342
FRA,32,HautsdeFrance,2020-03-10,46,209,5962662,37,0,0,0,0,.1383739343,1,.1383739343,0,0,0,0,1,0,2,1,.5297562
FRA,32,HautsdeFrance,2020-03-11,59,263,5962662,50,0,0,0,0,.1383739343,1,.1383739343,.5,.5,0,0,1,0,2,1,.5297562
FRA,32,HautsdeFrance,2020-03-12,75,349,5962662,60,0,0,0,0,.1383739343,1,.1383739343,.5,.5,0,0,1,0,2,1,.5297562
FRA,32,HautsdeFrance,2020-03-13,96,417,5962662,80,0,0,0,0,.1383739343,1,.1383739343,.5,.5,0,0,1,0,2,1,.5297562
FRA,32,HautsdeFrance,2020-03-14,122,466,5962662,100,0,0,0,0,.1383739343,1,.1383739343,.5,.5,0,0,1,0,2,1,.5297562
FRA,32,HautsdeFrance,2020-03-15,155,507,5962662,120,0,0,0,0,.1383739343,1,.1383739343,.5,.5,0,1,1,1,2,1,.5297562
FRA,32,HautsdeFrance,2020-03-16,198,585,5962662,153,0,0,0,0,.1383739343,1,.1383739343,.5,.5,0,1,1,1,2,1,1
FRA,32,HautsdeFrance,2020-03-17,252,612,5962662,195,1,1,.33000001,.3300000131,.1383739343,1,1,1,1,0,1,1,1,2,1,1
FRA,32,HautsdeFrance,2020-03-18,322,665,5962662,245,1,1,.33000001,.3300000131,.1383739343,1,1,1,1,0,1,1,1,2,1,1
FRA,32,HautsdeFrance,2020-03-19,410,700,5962662,295,1,1,.33000001,.3300000131,.1383739343,1,1,1,1,0,1,1,1,2,1,1
FRA,32,HautsdeFrance,2020-03-20,522,759,5962662,353,1,1,.33000001,.3300000131,.1383739343,1,1,1,1,0,1,1,1,2,1,1
FRA,32,HautsdeFrance,2020-03-21,665,791,5962662,405,1,1,.33000001,.3300000131,.1383739343,1,1,1,1,0,1,1,1,2,1,1
FRA,32,HautsdeFrance,2020-03-22,848,936,5962662,453,1,1,.33000001,.3300000131,.1383739343,1,1,1,1,0,1,1,1,2,1,1
FRA,32,HautsdeFrance,2020-03-23,1080,1269,5962662,565,1,1,1,1,.1383739343,1,1,1,1,0,1,1,1,2,1,1
FRA,32,HautsdeFrance,2020-03-24,1376,1532,5962662,663,1,1,1,1,.1383739343,1,1,1,1,0,1,1,1,2,1,1
FRA,32,HautsdeFrance,2020-03-25,1752,1753,5962662,770,1,1,1,1,.1383739343,1,1,1,1,0,1,1,1,2,1,1
FRA,32,HautsdeFrance,2020-03-26,,,5962662,894,1,1,1,1,.1383739343,1,1,1,1,0,1,1,1,2,1,1
FRA,32,HautsdeFrance,2020-03-27,,,5962662,1032,1,1,1,1,.1383739343,1,1,1,1,0,1,1,1,2,1,1
FRA,32,HautsdeFrance,2020-03-28,,,5962662,1146,1,1,1,1,.1383739343,1,1,1,1,0,1,1,1,2,1,1
FRA,32,HautsdeFrance,2020-03-29,,,5962662,1241,1,1,1,1,.1383739343,1,1,1,1,0,1,1,1,2,1,1
FRA,32,HautsdeFrance,2020-03-30,,,5962662,1378,1,1,1,1,.1383739343,1,1,1,1,0,1,1,1,2,1,1
FRA,32,HautsdeFrance,2020-03-31,,,5962662,1492,1,1,1,1,.1383739343,1,1,1,1,0,1,1,1,2,1,1
FRA,32,HautsdeFrance,2020-04-01,,,5962662,1583,1,1,1,1,.1383739343,1,1,1,1,0,1,1,1,2,1,1
FRA,32,HautsdeFrance,2020-04-02,,,5962662,1689,1,1,1,1,.1383739343,1,1,1,1,0,1,1,1,2,1,1
FRA,32,HautsdeFrance,2020-04-03,,,5962662,1803,1,1,1,1,.1383739343,1,1,1,1,0,1,1,1,2,1,1
FRA,32,HautsdeFrance,2020-04-04,,,5962662,1886,1,1,1,1,.1383739343,1,1,1,1,0,1,1,1,2,1,1
FRA,32,HautsdeFrance,2020-04-05,,,5962662,1956,1,1,1,1,.1383739343,1,1,1,1,0,1,1,1,2,1,1
FRA,32,HautsdeFrance,2020-04-06,,,5962662,2013,1,1,1,1,.1383739343,1,1,1,1,0,1,1,1,2,1,1
FRA,44,GrandEst,2020-02-15,0,0,5511747,,0,0,0,0,0,0,0,0,0,0,0,0,0,99999,0,0
FRA,44,GrandEst,2020-02-16,0,0,5511747,,0,0,0,0,0,0,0,0,0,0,0,0,0,99999,0,0
FRA,44,GrandEst,2020-02-17,0,0,5511747,,0,0,0,0,0,0,0,0,0,0,0,0,0,99999,0,0
FRA,44,GrandEst,2020-02-18,0,0,5511747,,0,0,0,0,0,0,0,0,0,0,0,0,0,99999,0,0
FRA,44,GrandEst,2020-02-19,0,0,5511747,,0,0,0,0,0,0,0,0,0,0,0,0,0,99999,0,0
FRA,44,GrandEst,2020-02-20,0,0,5511747,,0,0,0,0,0,0,0,0,0,0,0,0,0,99999,0,0
FRA,44,GrandEst,2020-02-21,0,0,5511747,,0,0,0,0,0,0,0,0,0,0,0,0,0,99999,0,0
FRA,44,GrandEst,2020-02-22,0,0,5511747,,0,0,0,0,0,0,0,0,0,0,0,0,0,99999,0,0
FRA,44,GrandEst,2020-02-23,0,0,5511747,,0,0,0,0,0,0,0,0,0,0,0,0,0,99999,0,0
FRA,44,GrandEst,2020-02-24,0,0,5511747,0,0,0,0,0,0,0,0,0,0,0,0,0,0,99999,0,0
FRA,44,GrandEst,2020-02-25,0,0,5511747,0,0,0,0,0,0,0,0,0,0,0,0,0,0,99999,0,0
FRA,44,GrandEst,2020-02-26,1,1,5511747,0,0,0,0,0,0,0,0,0,0,0,0,0,0,99999,0,0
FRA,44,GrandEst,2020-02-27,1,1,5511747,0,0,0,0,0,0,0,0,0,0,0,0,0,0,99999,0,0
FRA,44,GrandEst,2020-02-28,1,1,5511747,0,0,0,0,0,0,0,0,0,0,0,0,0,0,99999,0,0
FRA,44,GrandEst,2020-02-29,2,2,5511747,1,0,0,0,0,0,0,0,0,0,0,0,1,0,5000,0,0
FRA,44,GrandEst,2020-03-01,3,5,5511747,1,0,0,0,0,0,0,0,0,0,0,0,1,0,5000,0,0
FRA,44,GrandEst,2020-03-02,4,12,5511747,2,0,0,0,0,0,0,0,0,0,0,0,1,0,5000,0,0
FRA,44,GrandEst,2020-03-03,6,13,5511747,4,0,0,0,0,0,0,0,0,0,0,0,1,0,5000,0,0
FRA,44,GrandEst,2020-03-04,8,38,5511747,8,0,0,0,0,0,0,0,0,0,0,0,1,0,5000,1,.1384686
FRA,44,GrandEst,2020-03-05,11,77,5511747,16,0,0,0,0,0,0,0,0,0,0,0,1,0,5000,1,.1384686
FRA,44,GrandEst,2020-03-06,15,136,5511747,30,1,.1384686198,0,0,0,1,.1384686198,.5,.0692343099,0,0,1,0,5000,1,.1384686
FRA,44,GrandEst,2020-03-07,21,250,5511747,53,1,.1384686198,0,0,0,1,.1384686198,.5,.0692343099,0,0,1,0,5000,1,.1384686
FRA,44,GrandEst,2020-03-08,29,250,5511747,66,1,.1384686198,0,0,0,1,.1384686198,.5,.0692343099,0,0,1,0,1000,1,.1384686
FRA,44,GrandEst,2020-03-09,40,310,5511747,86,1,.1384686198,0,0,0,1,.1384686198,.5,.0692343099,0,0,1,0,1000,1,.1384686
FRA,44,GrandEst,2020-03-10,54,464,5511747,116,1,.1384686198,0,0,0,1,.1384686198,.5,.0692343099,0,0,1,0,1000,1,.1384686
FRA,44,GrandEst,2020-03-11,74,578,5511747,152,1,.1384686198,0,0,0,1,.1384686198,1,.5692343099,0,0,1,0,1000,1,.1384686
FRA,44,GrandEst,2020-03-12,100,699,5511747,181,1,.1384686198,0,0,0,1,.1384686198,1,.5692343099,0,0,1,0,1000,1,.1384686
FRA,44,GrandEst,2020-03-13,136,911,5511747,238,1,.1384686198,0,0,0,1,.1384686198,1,.5692343099,0,0,1,0,100,1,.1384686
FRA,44,GrandEst,2020-03-14,186,1085,5511747,301,1,.1384686198,0,0,0,1,.2054896569,1,.5692343099,0,0,1,0,100,1,.1384686
FRA,44,GrandEst,2020-03-15,253,1378,5511747,378,1,.1384686198,0,0,0,1,.2054896569,1,.5692343099,0,1,1,1,100,1,.1384686
FRA,44,GrandEst,2020-03-16,344,1543,5511747,503,1,.1384686198,0,0,0,1,.2054896569,1,.5692343099,0,1,1,1,100,1,1
FRA,44,GrandEst,2020-03-17,468,1820,5511747,605,1,1,.33000001,.3300000131,0,1,1,1,1,0,1,1,1,2,1,1
FRA,44,GrandEst,2020-03-18,636,2163,5511747,753,1,1,.33000001,.3300000131,0,1,1,1,1,0,1,1,1,2,1,1
FRA,44,GrandEst,2020-03-19,866,2643,5511747,899,1,1,.33000001,.3300000131,0,1,1,1,1,0,1,1,1,2,1,1
FRA,44,GrandEst,2020-03-20,1177,3006,5511747,1111,1,1,.33000001,.3300000131,0,1,1,1,1,0,1,1,1,2,1,1
FRA,44,GrandEst,2020-03-21,1601,3089,5511747,1301,1,1,.33000001,.3300000131,0,1,1,1,1,0,1,1,1,2,1,1
FRA,44,GrandEst,2020-03-22,2178,3395,5511747,1508,1,1,.33000001,.3300000131,0,1,1,1,1,0,1,1,1,2,1,1
FRA,44,GrandEst,2020-03-23,2962,4256,5511747,1871,1,1,1,1,0,1,1,1,1,0,1,1,1,2,1,1
FRA,44,GrandEst,2020-03-24,4028,4922,5511747,2157,1,1,1,1,0,1,1,1,1,0,1,1,1,2,1,1
FRA,44,GrandEst,2020-03-25,5479,5479,5511747,2437,1,1,1,1,0,1,1,1,1,0,1,1,1,2,1,1
FRA,44,GrandEst,2020-03-26,,,5511747,2738,1,1,1,1,0,1,1,1,1,0,1,1,1,2,1,1
FRA,44,GrandEst,2020-03-27,,,5511747,3088,1,1,1,1,0,1,1,1,1,0,1,1,1,2,1,1
FRA,44,GrandEst,2020-03-28,,,5511747,3362,1,1,1,1,0,1,1,1,1,0,1,1,1,2,1,1
FRA,44,GrandEst,2020-03-29,,,5511747,3564,1,1,1,1,0,1,1,1,1,0,1,1,1,2,1,1
FRA,44,GrandEst,2020-03-30,,,5511747,3887,1,1,1,1,0,1,1,1,1,0,1,1,1,2,1,1
FRA,44,GrandEst,2020-03-31,,,5511747,4150,1,1,1,1,0,1,1,1,1,0,1,1,1,2,1,1
FRA,44,GrandEst,2020-04-01,,,5511747,4370,1,1,1,1,0,1,1,1,1,0,1,1,1,2,1,1
FRA,44,GrandEst,2020-04-02,,,5511747,4590,1,1,1,1,0,1,1,1,1,0,1,1,1,2,1,1
FRA,44,GrandEst,2020-04-03,,,5511747,4831,1,1,1,1,0,1,1,1,1,0,1,1,1,2,1,1
FRA,44,GrandEst,2020-04-04,,,5511747,4976,1,1,1,1,0,1,1,1,1,0,1,1,1,2,1,1
FRA,44,GrandEst,2020-04-05,,,5511747,5079,1,1,1,1,0,1,1,1,1,0,1,1,1,2,1,1
FRA,44,GrandEst,2020-04-06,,,5511747,5221,1,1,1,1,0,1,1,1,1,0,1,1,1,2,1,1
FRA,52,PaysdelaLoire,2020-02-15,0,0,3801797,,0,0,0,0,0,0,0,0,0,0,0,0,0,99999,0,0
FRA,52,PaysdelaLoire,2020-02-16,0,0,3801797,,0,0,0,0,0,0,0,0,0,0,0,0,0,99999,0,0
FRA,52,PaysdelaLoire,2020-02-17,0,0,3801797,,0,0,0,0,0,0,0,0,0,0,0,0,0,99999,0,0
FRA,52,PaysdelaLoire,2020-02-18,0,0,3801797,,0,0,0,0,0,0,0,0,0,0,0,0,0,99999,0,0
FRA,52,PaysdelaLoire,2020-02-19,0,0,3801797,,0,0,0,0,0,0,0,0,0,0,0,0,0,99999,0,0
FRA,52,PaysdelaLoire,2020-02-20,0,0,3801797,,0,0,0,0,0,0,0,0,0,0,0,0,0,99999,0,0
FRA,52,PaysdelaLoire,2020-02-21,0,0,3801797,,0,0,0,0,0,0,0,0,0,0,0,0,0,99999,0,0
FRA,52,PaysdelaLoire,2020-02-22,0,0,3801797,,0,0,0,0,0,0,0,0,0,0,0,0,0,99999,0,0
FRA,52,PaysdelaLoire,2020-02-23,0,0,3801797,,0,0,0,0,0,0,0,0,0,0,0,0,0,99999,0,0
FRA,52,PaysdelaLoire,2020-02-24,0,0,3801797,0,0,0,0,0,0,0,0,0,0,0,0,0,0,99999,0,0
FRA,52,PaysdelaLoire,2020-02-25,0,0,3801797,0,0,0,0,0,0,0,0,0,0,0,0,0,0,99999,0,0
FRA,52,PaysdelaLoire,2020-02-26,0,0,3801797,0,0,0,0,0,0,0,0,0,0,0,0,0,0,99999,0,0
FRA,52,PaysdelaLoire,2020-02-27,0,0,3801797,0,0,0,0,0,0,0,0,0,0,0,0,0,0,99999,0,0
FRA,52,PaysdelaLoire,2020-02-28,2,2,3801797,0,0,0,0,0,0,0,0,0,0,0,0,0,0,99999,0,0
FRA,52,PaysdelaLoire,2020-02-29,2,2,3801797,0,0,0,0,0,0,0,0,0,0,0,0,1,0,5000,0,0
FRA,52,PaysdelaLoire,2020-03-01,2,3,3801797,0,0,0,0,0,0,0,0,0,0,0,0,1,0,5000,0,0
FRA,52,PaysdelaLoire,2020-03-02,3,5,3801797,9,0,0,0,0,0,0,0,0,0,0,0,1,0,5000,0,0
FRA,52,PaysdelaLoire,2020-03-03,4,5,3801797,22,0,0,0,0,0,0,0,0,0,0,0,1,0,5000,0,0
FRA,52,PaysdelaLoire,2020-03-04,5,7,3801797,33,0,0,0,0,0,0,0,0,0,0,0,1,0,5000,0,0
FRA,52,PaysdelaLoire,2020-03-05,6,8,3801797,38,0,0,0,0,0,0,0,0,0,0,0,1,0,5000,0,0
FRA,52,PaysdelaLoire,2020-03-06,8,16,3801797,48,0,0,0,0,0,0,0,0,0,0,0,1,0,5000,0,0
FRA,52,PaysdelaLoire,2020-03-07,9,18,3801797,52,0,0,0,0,0,0,0,0,0,0,0,1,0,5000,0,0
FRA,52,PaysdelaLoire,2020-03-08,12,25,3801797,65,0,0,0,0,0,0,0,0,0,0,0,1,0,1000,0,0
FRA,52,PaysdelaLoire,2020-03-09,14,26,3801797,73,0,0,0,0,0,0,0,0,0,0,0,1,0,1000,0,0
FRA,52,PaysdelaLoire,2020-03-10,18,27,3801797,80,0,0,0,0,0,0,0,0,0,0,0,1,0,1000,0,0
FRA,52,PaysdelaLoire,2020-03-11,22,34,3801797,89,0,0,0,0,0,0,0,.5,.5,0,0,1,0,1000,0,0
FRA,52,PaysdelaLoire,2020-03-12,27,41,3801797,97,0,0,0,0,0,0,0,.5,.5,0,0,1,0,1000,0,0
FRA,52,PaysdelaLoire,2020-03-13,33,55,3801797,106,0,0,0,0,0,0,0,.5,.5,0,0,1,0,100,0,0
FRA,52,PaysdelaLoire,2020-03-14,40,82,3801797,112,0,0,0,0,0,0,0,.5,.5,0,0,1,0,100,0,0
FRA,52,PaysdelaLoire,2020-03-15,49,98,3801797,127,0,0,0,0,0,0,0,.5,.5,0,1,1,1,100,0,0
FRA,52,PaysdelaLoire,2020-03-16,60,108,3801797,143,0,0,0,0,0,0,0,.5,.5,0,1,1,1,100,1,1
FRA,52,PaysdelaLoire,2020-03-17,73,126,3801797,169,1,1,.33000001,.3300000131,0,1,1,1,1,0,1,1,1,2,1,1
FRA,52,PaysdelaLoire,2020-03-18,90,128,3801797,189,1,1,.33000001,.3300000131,0,1,1,1,1,0,1,1,1,2,1,1
FRA,52,PaysdelaLoire,2020-03-19,110,160,3801797,217,1,1,.33000001,.3300000131,0,1,1,1,1,0,1,1,1,2,1,1
FRA,52,PaysdelaLoire,2020-03-20,134,190,3801797,258,1,1,.33000001,.3300000131,0,1,1,1,1,0,1,1,1,2,1,1
FRA,52,PaysdelaLoire,2020-03-21,164,234,3801797,294,1,1,.33000001,.3300000131,0,1,1,1,1,0,1,1,1,2,1,1
FRA,52,PaysdelaLoire,2020-03-22,201,270,3801797,342,1,1,.33000001,.3300000131,0,1,1,1,1,0,1,1,1,2,1,1
FRA,52,PaysdelaLoire,2020-03-23,246,293,3801797,406,1,1,1,1,0,1,1,1,1,0,1,1,1,2,1,1
FRA,52,PaysdelaLoire,2020-03-24,301,343,3801797,474,1,1,1,1,0,1,1,1,1,0,1,1,1,2,1,1
FRA,52,PaysdelaLoire,2020-03-25,368,368,3801797,569,1,1,1,1,0,1,1,1,1,0,1,1,1,2,1,1
FRA,52,PaysdelaLoire,2020-03-26,,,3801797,660,1,1,1,1,0,1,1,1,1,0,1,1,1,2,1,1
FRA,52,PaysdelaLoire,2020-03-27,,,3801797,765,1,1,1,1,0,1,1,1,1,0,1,1,1,2,1,1
FRA,52,PaysdelaLoire,2020-03-28,,,3801797,857,1,1,1,1,0,1,1,1,1,0,1,1,1,2,1,1
FRA,52,PaysdelaLoire,2020-03-29,,,3801797,941,1,1,1,1,0,1,1,1,1,0,1,1,1,2,1,1
FRA,52,PaysdelaLoire,2020-03-30,,,3801797,1045,1,1,1,1,0,1,1,1,1,0,1,1,1,2,1,1
FRA,52,PaysdelaLoire,2020-03-31,,,3801797,1122,1,1,1,1,0,1,1,1,1,0,1,1,1,2,1,1
FRA,52,PaysdelaLoire,2020-04-01,,,3801797,1212,1,1,1,1,0,1,1,1,1,0,1,1,1,2,1,1
FRA,52,PaysdelaLoire,2020-04-02,,,3801797,1283,1,1,1,1,0,1,1,1,1,0,1,1,1,2,1,1
FRA,52,PaysdelaLoire,2020-04-03,,,3801797,1361,1,1,1,1,0,1,1,1,1,0,1,1,1,2,1,1
FRA,52,PaysdelaLoire,2020-04-04,,,3801797,1429,1,1,1,1,0,1,1,1,1,0,1,1,1,2,1,1
FRA,52,PaysdelaLoire,2020-04-05,,,3801797,1493,1,1,1,1,0,1,1,1,1,0,1,1,1,2,1,1
FRA,52,PaysdelaLoire,2020-04-06,,,3801797,1568,1,1,1,1,0,1,1,1,1,0,1,1,1,2,1,1
FRA,53,Bretagne,2020-02-15,0,0,3340379,,0,0,0,0,0,0,0,0,0,0,0,0,0,99999,0,0
FRA,53,Bretagne,2020-02-16,0,0,3340379,,0,0,0,0,0,0,0,0,0,0,0,0,0,99999,0,0
FRA,53,Bretagne,2020-02-17,0,0,3340379,,0,0,0,0,0,0,0,0,0,0,0,0,0,99999,0,0
FRA,53,Bretagne,2020-02-18,0,0,3340379,,0,0,0,0,0,0,0,0,0,0,0,0,0,99999,0,0
FRA,53,Bretagne,2020-02-19,0,0,3340379,,0,0,0,0,0,0,0,0,0,0,0,0,0,99999,0,0
FRA,53,Bretagne,2020-02-20,0,0,3340379,,0,0,0,0,0,0,0,0,0,0,0,0,0,99999,0,0
FRA,53,Bretagne,2020-02-21,0,0,3340379,,0,0,0,0,0,0,0,0,0,0,0,0,0,99999,0,0
FRA,53,Bretagne,2020-02-22,0,0,3340379,,0,0,0,0,0,0,0,0,0,0,0,0,0,99999,0,0
FRA,53,Bretagne,2020-02-23,0,0,3340379,,0,0,0,0,0,0,0,0,0,0,0,0,0,99999,0,0
FRA,53,Bretagne,2020-02-24,0,0,3340379,0,0,0,0,0,0,0,0,0,0,0,0,0,0,99999,0,0
FRA,53,Bretagne,2020-02-25,0,0,3340379,0,0,0,0,0,0,0,0,0,0,0,0,0,0,99999,0,0
FRA,53,Bretagne,2020-02-26,0,0,3340379,0,0,0,0,0,0,0,0,0,0,0,0,0,0,99999,0,0
FRA,53,Bretagne,2020-02-27,1,1,3340379,0,0,0,0,0,0,0,0,0,0,0,0,0,0,99999,0,0
FRA,53,Bretagne,2020-02-28,1,1,3340379,0,0,0,0,0,0,0,0,0,0,0,0,0,0,99999,0,0
FRA,53,Bretagne,2020-02-29,1,3,3340379,0,0,0,0,0,0,0,0,0,0,0,0,1,0,5000,0,0
FRA,53,Bretagne,2020-03-01,2,4,3340379,0,0,0,0,0,.2261916986,0,0,0,0,0,0,1,0,2,0,0
FRA,53,Bretagne,2020-03-02,2,13,3340379,0,0,0,0,0,.2261916986,0,0,0,0,0,0,1,0,2,0,0
FRA,53,Bretagne,2020-03-03,3,19,3340379,1,0,0,0,0,.2261916986,0,0,0,0,0,0,1,0,2,0,0
FRA,53,Bretagne,2020-03-04,4,23,3340379,1,0,0,0,0,.2261916986,0,0,0,0,0,0,1,0,2,0,0
FRA,53,Bretagne,2020-03-05,5,29,3340379,1,0,0,0,0,.2261916986,0,0,0,0,0,0,1,0,2,0,0
FRA,53,Bretagne,2020-03-06,6,32,3340379,3,0,0,0,0,.2261916986,0,0,0,0,0,0,1,0,2,0,0
FRA,53,Bretagne,2020-03-07,8,40,3340379,3,0,0,0,0,.2261916986,0,0,0,0,0,0,1,0,2,0,0
FRA,53,Bretagne,2020-03-08,10,59,3340379,3,0,0,0,0,.2261916986,0,0,0,0,0,0,1,0,2,0,0
FRA,53,Bretagne,2020-03-09,13,71,3340379,3,0,0,0,0,.2261916986,0,0,0,0,0,0,1,0,2,0,0
FRA,53,Bretagne,2020-03-10,17,81,3340379,4,0,0,0,0,.2261916986,0,0,0,0,0,0,1,0,2,0,0
FRA,53,Bretagne,2020-03-11,21,94,3340379,4,0,0,0,0,.2261916986,0,0,.5,.5,0,0,1,0,2,1,.3239372
FRA,53,Bretagne,2020-03-12,27,117,3340379,7,0,0,0,0,.2261916986,0,0,.5,.5,0,0,1,0,2,1,.3239372
FRA,53,Bretagne,2020-03-13,35,157,3340379,8,0,0,0,0,.2261916986,0,0,.5,.5,0,0,1,0,2,1,.3239372
FRA,53,Bretagne,2020-03-14,44,182,3340379,15,0,0,0,0,.2261916986,0,0,.5,.5,0,0,1,0,2,1,.3239372
FRA,53,Bretagne,2020-03-15,56,207,3340379,23,0,0,0,0,.2261916986,0,0,.5,.5,0,1,1,1,2,1,.3239372
FRA,53,Bretagne,2020-03-16,71,233,3340379,37,0,0,0,0,.2261916986,0,0,.5,.5,0,1,1,1,2,1,1
FRA,53,Bretagne,2020-03-17,90,247,3340379,57,1,1,.33000001,.3300000131,.2261916986,1,1,1,1,0,1,1,1,2,1,1
FRA,53,Bretagne,2020-03-18,114,273,3340379,71,1,1,.33000001,.3300000131,.2261916986,1,1,1,1,0,1,1,1,2,1,1
FRA,53,Bretagne,2020-03-19,145,297,3340379,96,1,1,.33000001,.3300000131,.2261916986,1,1,1,1,0,1,1,1,2,1,1
FRA,53,Bretagne,2020-03-20,184,346,3340379,112,1,1,.33000001,.3300000131,.2261916986,1,1,1,1,0,1,1,1,2,1,1
FRA,53,Bretagne,2020-03-21,233,359,3340379,137,1,1,.33000001,.3300000131,.2261916986,1,1,1,1,0,1,1,1,2,1,1
FRA,53,Bretagne,2020-03-22,296,397,3340379,157,1,1,.33000001,.3300000131,.2261916986,1,1,1,1,0,1,1,1,2,1,1
FRA,53,Bretagne,2020-03-23,375,490,3340379,193,1,1,1,1,.2261916986,1,1,1,1,0,1,1,1,2,1,1
FRA,53,Bretagne,2020-03-24,475,526,3340379,228,1,1,1,1,.2261916986,1,1,1,1,0,1,1,1,2,1,1
FRA,53,Bretagne,2020-03-25,603,603,3340379,273,1,1,1,1,.2261916986,1,1,1,1,0,1,1,1,2,1,1
FRA,53,Bretagne,2020-03-26,,,3340379,313,1,1,1,1,.2261916986,1,1,1,1,0,1,1,1,2,1,1
FRA,53,Bretagne,2020-03-27,,,3340379,358,1,1,1,1,.2261916986,1,1,1,1,0,1,1,1,2,1,1
FRA,53,Bretagne,2020-03-28,,,3340379,403,1,1,1,1,.2261916986,1,1,1,1,0,1,1,1,2,1,1
FRA,53,Bretagne,2020-03-29,,,3340379,432,1,1,1,1,.2261916986,1,1,1,1,0,1,1,1,2,1,1
FRA,53,Bretagne,2020-03-30,,,3340379,473,1,1,1,1,.2261916986,1,1,1,1,0,1,1,1,2,1,1
FRA,53,Bretagne,2020-03-31,,,3340379,513,1,1,1,1,.2261916986,1,1,1,1,0,1,1,1,2,1,1
FRA,53,Bretagne,2020-04-01,,,3340379,554,1,1,1,1,.2261916986,1,1,1,1,0,1,1,1,2,1,1
FRA,53,Bretagne,2020-04-02,,,3340379,593,1,1,1,1,.2261916986,1,1,1,1,0,1,1,1,2,1,1
FRA,53,Bretagne,2020-04-03,,,3340379,627,1,1,1,1,.2261916986,1,1,1,1,0,1,1,1,2,1,1
FRA,53,Bretagne,2020-04-04,,,3340379,660,1,1,1,1,.2261916986,1,1,1,1,0,1,1,1,2,1,1
FRA,53,Bretagne,2020-04-05,,,3340379,698,1,1,1,1,.2261916986,1,1,1,1,0,1,1,1,2,1,1
FRA,53,Bretagne,2020-04-06,,,3340379,733,1,1,1,1,.2261916986,1,1,1,1,0,1,1,1,2,1,1
FRA,75,NouvelleAquitaine,2020-02-15,1,1,5999982,,0,0,0,0,0,0,0,0,0,0,0,0,0,99999,0,0
FRA,75,NouvelleAquitaine,2020-02-16,1,1,5999982,,0,0,0,0,0,0,0,0,0,0,0,0,0,99999,0,0
FRA,75,NouvelleAquitaine,2020-02-17,1,1,5999982,,0,0,0,0,0,0,0,0,0,0,0,0,0,99999,0,0
FRA,75,NouvelleAquitaine,2020-02-18,1,1,5999982,,0,0,0,0,0,0,0,0,0,0,0,0,0,99999,0,0
FRA,75,NouvelleAquitaine,2020-02-19,2,1,5999982,,0,0,0,0,0,0,0,0,0,0,0,0,0,99999,0,0
FRA,75,NouvelleAquitaine,2020-02-20,2,1,5999982,,0,0,0,0,0,0,0,0,0,0,0,0,0,99999,0,0
FRA,75,NouvelleAquitaine,2020-02-21,2,1,5999982,,0,0,0,0,0,0,0,0,0,0,0,0,0,99999,0,0
FRA,75,NouvelleAquitaine,2020-02-22,3,1,5999982,,0,0,0,0,0,0,0,0,0,0,0,0,0,99999,0,0
FRA,75,NouvelleAquitaine,2020-02-23,4,1,5999982,,0,0,0,0,0,0,0,0,0,0,0,0,0,99999,0,0
FRA,75,NouvelleAquitaine,2020-02-24,4,1,5999982,0,0,0,0,0,0,0,0,0,0,0,0,0,0,99999,0,0
FRA,75,NouvelleAquitaine,2020-02-25,5,1,5999982,0,0,0,0,0,0,0,0,0,0,0,0,0,0,99999,0,0
FRA,75,NouvelleAquitaine,2020-02-26,6,1,5999982,0,0,0,0,0,0,0,0,0,0,0,0,0,0,99999,0,0
FRA,75,NouvelleAquitaine,2020-02-27,8,1,5999982,1,0,0,0,0,0,0,0,0,0,0,0,0,0,99999,0,0
FRA,75,NouvelleAquitaine,2020-02-28,9,2,5999982,1,0,0,0,0,0,0,0,0,0,0,0,0,0,99999,0,0
FRA,75,NouvelleAquitaine,2020-02-29,11,1,5999982,1,0,0,0,0,0,0,0,0,0,0,0,1,0,5000,0,0
FRA,75,NouvelleAquitaine,2020-03-01,13,2,5999982,1,0,0,0,0,0,0,0,0,0,0,0,1,0,5000,0,0
FRA,75,NouvelleAquitaine,2020-03-02,16,4,5999982,1,0,0,0,0,0,0,0,0,0,0,0,1,0,5000,0,0
FRA,75,NouvelleAquitaine,2020-03-03,19,4,5999982,3,0,0,0,0,0,0,0,0,0,0,0,1,0,5000,0,0
FRA,75,NouvelleAquitaine,2020-03-04,23,5,5999982,6,0,0,0,0,0,0,0,0,0,0,0,1,0,5000,0,0
FRA,75,NouvelleAquitaine,2020-03-05,27,8,5999982,7,0,0,0,0,0,0,0,0,0,0,0,1,0,5000,0,0
FRA,75,NouvelleAquitaine,2020-03-06,32,11,5999982,9,0,0,0,0,0,0,0,0,0,0,0,1,0,5000,0,0
FRA,75,NouvelleAquitaine,2020-03-07,39,17,5999982,15,0,0,0,0,0,0,0,0,0,0,0,1,0,5000,0,0
FRA,75,NouvelleAquitaine,2020-03-08,46,29,5999982,23,0,0,0,0,0,0,0,0,0,1,0,1,0,1000,0,0
FRA,75,NouvelleAquitaine,2020-03-09,55,39,5999982,25,0,0,0,0,0,0,0,0,0,1,0,1,0,1000,0,0
FRA,75,NouvelleAquitaine,2020-03-10,66,54,5999982,30,0,0,0,0,0,0,0,0,0,1,0,1,0,1000,0,0
FRA,75,NouvelleAquitaine,2020-03-11,78,66,5999982,34,0,0,0,0,0,0,0,.5,.5,1,0,1,0,1000,0,0
FRA,75,NouvelleAquitaine,2020-03-12,94,87,5999982,46,0,0,0,0,0,0,0,.5,.5,1,0,1,0,1000,1,.1237195
FRA,75,NouvelleAquitaine,2020-03-13,112,114,5999982,52,0,0,0,0,0,0,0,.5,.5,1,0,1,0,100,1,.1237195
FRA,75,NouvelleAquitaine,2020-03-14,133,130,5999982,65,0,0,0,0,0,0,0,.5,.5,1,0,1,0,100,1,.1237195
FRA,75,NouvelleAquitaine,2020-03-15,158,144,5999982,75,0,0,0,0,0,0,0,.5,.5,1,1,1,1,100,1,.1237195
FRA,75,NouvelleAquitaine,2020-03-16,189,178,5999982,101,0,0,0,0,0,0,0,.5,.5,1,1,1,1,100,1,1
FRA,75,NouvelleAquitaine,2020-03-17,225,200,5999982,138,1,1,.33000001,.3300000131,0,1,1,1,1,1,1,1,1,2,1,1
FRA,75,NouvelleAquitaine,2020-03-18,268,237,5999982,166,1,1,.33000001,.3300000131,0,1,1,1,1,1,1,1,1,2,1,1
FRA,75,NouvelleAquitaine,2020-03-19,319,280,5999982,209,1,1,.33000001,.3300000131,0,1,1,1,1,1,1,1,1,2,1,1
FRA,75,NouvelleAquitaine,2020-03-20,380,432,5999982,269,1,1,.33000001,.3300000131,0,1,1,1,1,1,1,1,1,2,1,1
FRA,75,NouvelleAquitaine,2020-03-21,453,521,5999982,336,1,1,.33000001,.3300000131,0,1,1,1,1,1,1,1,1,2,1,1
FRA,75,NouvelleAquitaine,2020-03-22,539,612,5999982,406,1,1,.33000001,.3300000131,0,1,1,1,1,1,1,1,1,2,1,1
FRA,75,NouvelleAquitaine,2020-03-23,642,676,5999982,504,1,1,1,1,0,1,1,1,1,1,1,1,1,2,1,1
FRA,75,NouvelleAquitaine,2020-03-24,765,789,5999982,602,1,1,1,1,0,1,1,1,1,1,1,1,1,2,1,1
FRA,75,NouvelleAquitaine,2020-03-25,911,912,5999982,701,1,1,1,1,0,1,1,1,1,1,1,1,1,2,1,1
FRA,75,NouvelleAquitaine,2020-03-26,,,5999982,813,1,1,1,1,0,1,1,1,1,1,1,1,1,2,1,1
FRA,75,NouvelleAquitaine,2020-03-27,,,5999982,955,1,1,1,1,0,1,1,1,1,1,1,1,1,2,1,1
FRA,75,NouvelleAquitaine,2020-03-28,,,5999982,1073,1,1,1,1,0,1,1,1,1,1,1,1,1,2,1,1
FRA,75,NouvelleAquitaine,2020-03-29,,,5999982,1151,1,1,1,1,0,1,1,1,1,1,1,1,1,2,1,1
FRA,75,NouvelleAquitaine,2020-03-30,,,5999982,1274,1,1,1,1,0,1,1,1,1,1,1,1,1,2,1,1
FRA,75,NouvelleAquitaine,2020-03-31,,,5999982,1401,1,1,1,1,0,1,1,1,1,1,1,1,1,2,1,1
FRA,75,NouvelleAquitaine,2020-04-01,,,5999982,1529,1,1,1,1,0,1,1,1,1,1,1,1,1,2,1,1
FRA,75,NouvelleAquitaine,2020-04-02,,,5999982,1644,1,1,1,1,0,1,1,1,1,1,1,1,1,2,1,1
FRA,75,NouvelleAquitaine,2020-04-03,,,5999982,1770,1,1,1,1,0,1,1,1,1,1,1,1,1,2,1,1
FRA,75,NouvelleAquitaine,2020-04-04,,,5999982,1860,1,1,1,1,0,1,1,1,1,1,1,1,1,2,1,1
FRA,75,NouvelleAquitaine,2020-04-05,,,5999982,1955,1,1,1,1,0,1,1,1,1,1,1,1,1,2,1,1
FRA,75,NouvelleAquitaine,2020-04-06,,,5999982,2053,1,1,1,1,0,1,1,1,1,1,1,1,1,2,1,1
FRA,76,Occitanie,2020-02-15,0,0,5924858,,0,0,0,0,0,0,0,0,0,0,0,0,0,99999,0,0
FRA,76,Occitanie,2020-02-16,0,0,5924858,,0,0,0,0,0,0,0,0,0,0,0,0,0,99999,0,0
FRA,76,Occitanie,2020-02-17,0,0,5924858,,0,0,0,0,0,0,0,0,0,0,0,0,0,99999,0,0
FRA,76,Occitanie,2020-02-18,0,0,5924858,,0,0,0,0,0,0,0,0,0,0,0,0,0,99999,0,0
FRA,76,Occitanie,2020-02-19,0,0,5924858,,0,0,0,0,0,0,0,0,0,0,0,0,0,99999,0,0
FRA,76,Occitanie,2020-02-20,0,0,5924858,,0,0,0,0,0,0,0,0,0,0,0,0,0,99999,0,0
FRA,76,Occitanie,2020-02-21,0,0,5924858,,0,0,0,0,0,0,0,0,0,0,0,0,0,99999,0,0
FRA,76,Occitanie,2020-02-22,0,0,5924858,,0,0,0,0,0,0,0,0,0,0,0,0,0,99999,0,0
FRA,76,Occitanie,2020-02-23,0,0,5924858,,0,0,0,0,0,0,0,0,0,0,0,0,0,99999,0,0
FRA,76,Occitanie,2020-02-24,0,0,5924858,0,0,0,0,0,0,0,0,0,0,0,0,0,0,99999,0,0
FRA,76,Occitanie,2020-02-25,0,0,5924858,0,0,0,0,0,0,0,0,0,0,0,0,0,0,99999,0,0
FRA,76,Occitanie,2020-02-26,0,0,5924858,0,0,0,0,0,0,0,0,0,0,0,0,0,0,99999,0,0
FRA,76,Occitanie,2020-02-27,1,1,5924858,0,0,0,0,0,0,0,0,0,0,0,0,0,0,99999,0,0
FRA,76,Occitanie,2020-02-28,1,2,5924858,0,0,0,0,0,0,0,0,0,0,0,0,0,0,99999,0,0
FRA,76,Occitanie,2020-02-29,1,2,5924858,1,0,0,0,0,0,0,0,0,0,0,0,1,0,5000,0,0
FRA,76,Occitanie,2020-03-01,2,3,5924858,7,0,0,0,0,0,0,0,0,0,0,0,1,0,5000,0,0
FRA,76,Occitanie,2020-03-02,2,6,5924858,8,0,0,0,0,0,0,0,0,0,0,0,1,0,5000,0,0
FRA,76,Occitanie,2020-03-03,3,7,5924858,8,0,0,0,0,0,0,0,0,0,0,0,1,0,5000,0,0
FRA,76,Occitanie,2020-03-04,4,9,5924858,8,0,0,0,0,0,0,0,0,0,0,0,1,0,5000,0,0
FRA,76,Occitanie,2020-03-05,6,11,5924858,12,0,0,0,0,0,0,0,0,0,0,0,1,0,5000,0,0
FRA,76,Occitanie,2020-03-06,7,18,5924858,14,0,0,0,0,0,0,0,0,0,0,0,1,0,5000,0,0
FRA,76,Occitanie,2020-03-07,10,36,5924858,18,0,0,0,0,0,0,0,0,0,0,0,1,0,5000,0,0
FRA,76,Occitanie,2020-03-08,13,36,5924858,26,0,0,0,0,0,0,0,0,0,0,0,1,0,1000,0,0
FRA,76,Occitanie,2020-03-09,17,60,5924858,33,0,0,0,0,0,0,0,0,0,0,0,1,0,1000,0,0
FRA,76,Occitanie,2020-03-10,22,61,5924858,46,0,0,0,0,0,0,0,0,0,0,0,1,0,1000,0,0
FRA,76,Occitanie,2020-03-11,28,87,5924858,55,0,0,0,0,0,0,0,.5,.5,0,0,1,0,1000,1,.1985102
FRA,76,Occitanie,2020-03-12,37,133,5924858,65,0,0,0,0,0,0,0,.5,.5,0,0,1,0,1000,1,.1985102
FRA,76,Occitanie,2020-03-13,48,172,5924858,103,0,0,0,0,0,0,0,.5,.5,0,0,1,0,100,1,.1985102
FRA,76,Occitanie,2020-03-14,62,214,5924858,148,0,0,0,0,0,0,0,.5,.5,0,0,1,0,100,1,.1985102
FRA,76,Occitanie,2020-03-15,81,243,5924858,195,0,0,0,0,0,0,0,.5,.5,0,1,1,1,100,1,.1985102
FRA,76,Occitanie,2020-03-16,105,262,5924858,252,0,0,0,0,0,0,0,.5,.5,0,1,1,1,100,1,1
FRA,76,Occitanie,2020-03-17,136,311,5924858,304,1,1,.33000001,.3300000131,0,1,1,1,1,0,1,1,1,2,1,1
FRA,76,Occitanie,2020-03-18,176,371,5924858,350,1,1,.33000001,.3300000131,0,1,1,1,1,0,1,1,1,2,1,1
FRA,76,Occitanie,2020-03-19,229,444,5924858,387,1,1,.67000002,.7143247921,0,1,1,1,1,0,1,1,1,2,1,1
FRA,76,Occitanie,2020-03-20,296,537,5924858,418,1,1,.67000002,.7143247921,0,1,1,1,1,0,1,1,1,2,1,1
FRA,76,Occitanie,2020-03-21,384,611,5924858,459,1,1,.67000002,.7143247921,0,1,1,1,1,0,1,1,1,2,1,1
FRA,76,Occitanie,2020-03-22,497,671,5924858,491,1,1,.67000002,.7143247921,0,1,1,1,1,0,1,1,1,2,1,1
FRA,76,Occitanie,2020-03-23,644,767,5924858,561,1,1,1,1,0,1,1,1,1,0,1,1,1,2,1,1
FRA,76,Occitanie,2020-03-24,835,900,5924858,622,1,1,1,1,0,1,1,1,1,0,1,1,1,2,1,1
FRA,76,Occitanie,2020-03-25,1081,1082,5924858,681,1,1,1,1,0,1,1,1,1,0,1,1,1,2,1,1
FRA,76,Occitanie,2020-03-26,,,5924858,750,1,1,1,1,0,1,1,1,1,0,1,1,1,2,1,1
FRA,76,Occitanie,2020-03-27,,,5924858,825,1,1,1,1,0,1,1,1,1,0,1,1,1,2,1,1
FRA,76,Occitanie,2020-03-28,,,5924858,957,1,1,1,1,0,1,1,1,1,0,1,1,1,2,1,1
FRA,76,Occitanie,2020-03-29,,,5924858,1079,1,1,1,1,0,1,1,1,1,0,1,1,1,2,1,1
FRA,76,Occitanie,2020-03-30,,,5924858,1215,1,1,1,1,0,1,1,1,1,0,1,1,1,2,1,1
FRA,76,Occitanie,2020-03-31,,,5924858,1328,1,1,1,1,0,1,1,1,1,0,1,1,1,2,1,1
FRA,76,Occitanie,2020-04-01,,,5924858,1431,1,1,1,1,0,1,1,1,1,0,1,1,1,2,1,1
FRA,76,Occitanie,2020-04-02,,,5924858,1540,1,1,1,1,0,1,1,1,1,0,1,1,1,2,1,1
FRA,76,Occitanie,2020-04-03,,,5924858,1622,1,1,1,1,0,1,1,1,1,0,1,1,1,2,1,1
FRA,76,Occitanie,2020-04-04,,,5924858,1691,1,1,1,1,0,1,1,1,1,0,1,1,1,2,1,1
FRA,76,Occitanie,2020-04-05,,,5924858,1762,1,1,1,1,0,1,1,1,1,0,1,1,1,2,1,1
FRA,76,Occitanie,2020-04-06,,,5924858,1840,1,1,1,1,0,1,1,1,1,0,1,1,1,2,1,1
FRA,84,AuvergneRhôneAlpes,2020-02-15,5,6,8032377,,0,0,0,0,0,0,0,0,0,0,0,0,0,99999,0,0
FRA,84,AuvergneRhôneAlpes,2020-02-16,6,6,8032377,,0,0,0,0,0,0,0,0,0,0,0,0,0,99999,0,0
FRA,84,AuvergneRhôneAlpes,2020-02-17,8,6,8032377,,0,0,0,0,0,0,0,0,0,0,0,0,0,99999,0,0
FRA,84,AuvergneRhôneAlpes,2020-02-18,9,6,8032377,,0,0,0,0,0,0,0,0,0,0,0,0,0,99999,0,0
FRA,84,AuvergneRhôneAlpes,2020-02-19,10,6,8032377,,0,0,0,0,0,0,0,0,0,0,0,0,0,99999,0,0
FRA,84,AuvergneRhôneAlpes,2020-02-20,12,6,8032377,,0,0,0,0,0,0,0,0,0,0,0,0,0,99999,0,0
FRA,84,AuvergneRhôneAlpes,2020-02-21,14,6,8032377,,0,0,0,0,0,0,0,0,0,0,0,0,0,99999,0,0
FRA,84,AuvergneRhôneAlpes,2020-02-22,17,6,8032377,,0,0,0,0,0,0,0,0,0,0,0,0,0,99999,0,0
FRA,84,AuvergneRhôneAlpes,2020-02-23,19,6,8032377,,0,0,0,0,0,0,0,0,0,0,0,0,0,99999,0,0
FRA,84,AuvergneRhôneAlpes,2020-02-24,23,6,8032377,0,0,0,0,0,0,0,0,0,0,0,0,0,0,99999,0,0
FRA,84,AuvergneRhôneAlpes,2020-02-25,26,7,8032377,0,0,0,0,0,0,0,0,0,0,0,0,0,0,99999,0,0
FRA,84,AuvergneRhôneAlpes,2020-02-26,31,8,8032377,0,0,0,0,0,0,0,0,0,0,0,0,0,0,99999,0,0
FRA,84,AuvergneRhôneAlpes,2020-02-27,36,11,8032377,0,0,0,0,0,0,0,0,0,0,0,0,0,0,99999,0,0
FRA,84,AuvergneRhôneAlpes,2020-02-28,42,11,8032377,1,0,0,0,0,0,0,0,0,0,0,0,0,0,99999,0,0
FRA,84,AuvergneRhôneAlpes,2020-02-29,49,17,8032377,1,0,0,0,0,0,0,0,0,0,0,0,1,0,5000,0,0
FRA,84,AuvergneRhôneAlpes,2020-03-01,57,22,8032377,1,0,0,0,0,0,0,0,0,0,0,0,1,0,5000,0,0
FRA,84,AuvergneRhôneAlpes,2020-03-02,66,37,8032377,10,0,0,0,0,0,0,0,0,0,0,0,1,0,5000,1,.1031332
FRA,84,AuvergneRhôneAlpes,2020-03-03,76,40,8032377,12,0,0,0,0,0,0,0,0,0,0,0,1,0,5000,1,.1031332
FRA,84,AuvergneRhôneAlpes,2020-03-04,89,49,8032377,14,0,0,0,0,0,0,0,0,0,0,0,1,0,5000,1,.1031332
FRA,84,AuvergneRhôneAlpes,2020-03-05,103,64,8032377,15,0,0,0,0,0,0,0,0,0,0,0,1,0,5000,1,.1031332
FRA,84,AuvergneRhôneAlpes,2020-03-06,120,75,8032377,18,0,0,0,0,0,0,0,0,0,0,0,1,0,5000,1,.1031332
FRA,84,AuvergneRhôneAlpes,2020-03-07,140,102,8032377,22,0,0,0,0,0,0,0,0,0,0,0,1,0,5000,1,.1031332
FRA,84,AuvergneRhôneAlpes,2020-03-08,163,146,8032377,25,0,0,0,0,0,0,0,0,0,0,0,1,0,1000,1,.1031332
FRA,84,AuvergneRhôneAlpes,2020-03-09,189,182,8032377,39,0,0,0,0,0,0,0,0,0,0,0,1,0,1000,1,.1031332
FRA,84,AuvergneRhôneAlpes,2020-03-10,220,211,8032377,53,0,0,0,0,0,0,0,0,0,0,0,1,0,1000,1,.1031332
FRA,84,AuvergneRhôneAlpes,2020-03-11,255,264,8032377,66,0,0,0,0,0,0,0,.5,.5,0,0,1,0,1000,1,.1031332
FRA,84,AuvergneRhôneAlpes,2020-03-12,297,329,8032377,93,0,0,0,0,0,0,0,.5,.5,0,0,1,0,1000,1,.1031332
FRA,84,AuvergneRhôneAlpes,2020-03-13,345,416,8032377,130,0,0,0,0,0,0,0,.5,.5,0,0,1,0,100,1,.1031332
FRA,84,AuvergneRhôneAlpes,2020-03-14,401,454,8032377,170,0,0,0,0,0,0,0,.5,.5,0,0,1,0,100,1,.1031332
FRA,84,AuvergneRhôneAlpes,2020-03-15,466,523,8032377,199,0,0,0,0,0,0,0,.5,.5,0,1,1,1,100,1,.1031332
FRA,84,AuvergneRhôneAlpes,2020-03-16,542,618,8032377,245,0,0,0,0,0,0,0,.5,.5,0,1,1,1,100,1,1
FRA,84,AuvergneRhôneAlpes,2020-03-17,629,710,8032377,307,1,1,.33000001,.3300000131,0,1,1,1,1,0,1,1,1,2,1,1
FRA,84,AuvergneRhôneAlpes,2020-03-18,731,858,8032377,364,1,1,.33000001,.3300000131,0,1,1,1,1,0,1,1,1,2,1,1
FRA,84,AuvergneRhôneAlpes,2020-03-19,850,1014,8032377,446,1,1,.33000001,.3300000131,0,1,1,1,1,0,1,1,1,2,1,1
FRA,84,AuvergneRhôneAlpes,2020-03-20,988,1101,8032377,563,1,1,.33000001,.3300000131,0,1,1,1,1,0,1,1,1,2,1,1
FRA,84,AuvergneRhôneAlpes,2020-03-21,1148,1266,8032377,668,1,1,.33000001,.3300000131,0,1,1,1,1,0,1,1,1,2,1,1
FRA,84,AuvergneRhôneAlpes,2020-03-22,1334,1431,8032377,788,1,1,.33000001,.3300000131,0,1,1,1,1,0,1,1,1,2,1,1
FRA,84,AuvergneRhôneAlpes,2020-03-23,1550,1730,8032377,1008,1,1,1,1,0,1,1,1,1,0,1,1,1,2,1,1
FRA,84,AuvergneRhôneAlpes,2020-03-24,1801,1857,8032377,1229,1,1,1,1,0,1,1,1,1,0,1,1,1,2,1,1
FRA,84,AuvergneRhôneAlpes,2020-03-25,2092,2093,8032377,1466,1,1,1,1,0,1,1,1,1,0,1,1,1,2,1,1
FRA,84,AuvergneRhôneAlpes,2020-03-26,,,8032377,1734,1,1,1,1,0,1,1,1,1,0,1,1,1,2,1,1
FRA,84,AuvergneRhôneAlpes,2020-03-27,,,8032377,2076,1,1,1,1,0,1,1,1,1,0,1,1,1,2,1,1
FRA,84,AuvergneRhôneAlpes,2020-03-28,,,8032377,2308,1,1,1,1,0,1,1,1,1,0,1,1,1,2,1,1
FRA,84,AuvergneRhôneAlpes,2020-03-29,,,8032377,2508,1,1,1,1,0,1,1,1,1,0,1,1,1,2,1,1
FRA,84,AuvergneRhôneAlpes,2020-03-30,,,8032377,2778,1,1,1,1,0,1,1,1,1,0,1,1,1,2,1,1
FRA,84,AuvergneRhôneAlpes,2020-03-31,,,8032377,3008,1,1,1,1,0,1,1,1,1,0,1,1,1,2,1,1
FRA,84,AuvergneRhôneAlpes,2020-04-01,,,8032377,3163,1,1,1,1,0,1,1,1,1,0,1,1,1,2,1,1
FRA,84,AuvergneRhôneAlpes,2020-04-02,,,8032377,3326,1,1,1,1,0,1,1,1,1,0,1,1,1,2,1,1
FRA,84,AuvergneRhôneAlpes,2020-04-03,,,8032377,3513,1,1,1,1,0,1,1,1,1,0,1,1,1,2,1,1
FRA,84,AuvergneRhôneAlpes,2020-04-04,,,8032377,3648,1,1,1,1,0,1,1,1,1,0,1,1,1,2,1,1
FRA,84,AuvergneRhôneAlpes,2020-04-05,,,8032377,3758,1,1,1,1,0,1,1,1,1,0,1,1,1,2,1,1
FRA,84,AuvergneRhôneAlpes,2020-04-06,,,8032377,3907,1,1,1,1,0,1,1,1,1,0,1,1,1,2,1,1
FRA,93,Paca,2020-02-15,0,0,5055651,,0,0,0,0,0,0,0,0,0,0,0,0,0,99999,0,0
FRA,93,Paca,2020-02-16,0,0,5055651,,0,0,0,0,0,0,0,0,0,0,0,0,0,99999,0,0
FRA,93,Paca,2020-02-17,0,0,5055651,,0,0,0,0,0,0,0,0,0,0,0,0,0,99999,0,0
FRA,93,Paca,2020-02-18,0,0,5055651,,0,0,0,0,0,0,0,0,0,0,0,0,0,99999,0,0
FRA,93,Paca,2020-02-19,0,0,5055651,,0,0,0,0,0,0,0,0,0,0,0,0,0,99999,0,0
FRA,93,Paca,2020-02-20,0,0,5055651,,0,0,0,0,0,0,0,0,0,0,0,0,0,99999,0,0
FRA,93,Paca,2020-02-21,0,0,5055651,,0,0,0,0,0,0,0,0,0,0,0,0,0,99999,0,0
FRA,93,Paca,2020-02-22,0,0,5055651,,0,0,0,0,0,0,0,0,0,0,0,0,0,99999,0,0
FRA,93,Paca,2020-02-23,0,0,5055651,,0,0,0,0,0,0,0,0,0,0,0,0,0,99999,0,0
FRA,93,Paca,2020-02-24,0,0,5055651,0,0,0,0,0,0,0,0,0,0,0,0,0,0,99999,0,0
FRA,93,Paca,2020-02-25,0,0,5055651,0,0,0,0,0,0,0,0,0,0,0,0,0,0,99999,0,0
FRA,93,Paca,2020-02-26,0,0,5055651,0,0,0,0,0,0,0,0,0,0,0,0,0,0,99999,0,0
FRA,93,Paca,2020-02-27,1,1,5055651,0,0,0,0,0,0,0,0,0,0,0,0,0,0,99999,0,0
FRA,93,Paca,2020-02-28,1,4,5055651,4,0,0,0,0,0,0,0,0,0,0,0,0,0,99999,0,0
FRA,93,Paca,2020-02-29,1,3,5055651,6,0,0,0,0,0,0,0,0,0,0,0,1,0,5000,0,0
FRA,93,Paca,2020-03-01,2,4,5055651,8,0,0,0,0,0,0,0,0,0,0,0,1,0,5000,0,0
FRA,93,Paca,2020-03-02,3,9,5055651,10,0,0,0,0,0,0,0,0,0,0,0,1,0,5000,0,0
FRA,93,Paca,2020-03-03,4,10,5055651,16,0,0,0,0,0,0,0,0,0,0,0,1,0,5000,0,0
FRA,93,Paca,2020-03-04,5,13,5055651,22,0,0,0,0,0,0,0,0,0,0,0,1,0,5000,1,.4024148
FRA,93,Paca,2020-03-05,7,18,5055651,34,0,0,0,0,0,0,0,0,0,0,0,1,0,5000,1,.4024148
FRA,93,Paca,2020-03-06,9,26,5055651,56,0,0,0,0,0,0,0,0,0,0,0,1,0,5000,1,.4024148
FRA,93,Paca,2020-03-07,12,38,5055651,75,0,0,0,0,0,0,0,0,0,0,0,1,0,5000,1,.4024148
FRA,93,Paca,2020-03-08,16,52,5055651,100,0,0,0,0,0,0,0,0,0,0,0,1,0,1000,1,.614818
FRA,93,Paca,2020-03-09,21,72,5055651,135,0,0,0,0,0,0,0,0,0,0,0,1,0,1000,1,.614818
FRA,93,Paca,2020-03-10,28,89,5055651,157,0,0,0,0,0,0,0,0,0,0,0,1,0,1000,1,.614818
FRA,93,Paca,2020-03-11,38,111,5055651,200,0,0,0,0,0,0,0,.5,.5,0,0,1,0,1000,1,.614818
FRA,93,Paca,2020-03-12,50,147,5055651,220,0,0,0,0,0,0,0,.5,.5,0,0,1,0,1000,1,.614818
FRA,93,Paca,2020-03-13,66,212,5055651,277,0,0,0,0,0,0,0,.5,.5,0,0,1,0,100,1,.614818
FRA,93,Paca,2020-03-14,88,281,5055651,318,0,0,0,0,0,0,0,.5,.5,0,0,1,0,100,1,.614818
FRA,93,Paca,2020-03-15,117,330,5055651,357,0,0,0,0,0,0,0,.5,.5,0,1,1,1,100,1,.614818
FRA,93,Paca,2020-03-16,154,405,5055651,401,0,0,0,0,0,0,0,.5,.5,0,1,1,1,100,1,1
FRA,93,Paca,2020-03-17,204,478,5055651,459,1,1,.33000001,.3300000131,0,1,1,1,1,0,1,1,1,2,1,1
FRA,93,Paca,2020-03-18,271,574,5055651,515,1,1,.33000001,.3300000131,0,1,1,1,1,0,1,1,1,2,1,1
FRA,93,Paca,2020-03-19,358,693,5055651,585,1,1,.33000001,.3300000131,0,1,1,1,1,0,1,1,1,2,1,1
FRA,93,Paca,2020-03-20,474,826,5055651,667,1,1,.33000001,.3300000131,0,1,1,1,1,0,1,1,1,2,1,1
FRA,93,Paca,2020-03-21,628,1041,5055651,759,1,1,.67000002,.883502887,0,1,1,1,1,0,1,1,1,2,1,1
FRA,93,Paca,2020-03-22,831,1372,5055651,849,1,1,.67000002,.883502887,0,1,1,1,1,0,1,1,1,2,1,1
FRA,93,Paca,2020-03-23,1100,1510,5055651,994,1,1,1,1,0,1,1,1,1,0,1,1,1,2,1,1
FRA,93,Paca,2020-03-24,1456,1595,5055651,1112,1,1,1,1,0,1,1,1,1,0,1,1,1,2,1,1
FRA,93,Paca,2020-03-25,1927,1927,5055651,1251,1,1,1,1,0,1,1,1,1,0,1,1,1,2,1,1
FRA,93,Paca,2020-03-26,,,5055651,1403,1,1,1,1,0,1,1,1,1,0,1,1,1,2,1,1
FRA,93,Paca,2020-03-27,,,5055651,1607,1,1,1,1,0,1,1,1,1,0,1,1,1,2,1,1
FRA,93,Paca,2020-03-28,,,5055651,1789,1,1,1,1,0,1,1,1,1,0,1,1,1,2,1,1
FRA,93,Paca,2020-03-29,,,5055651,1941,1,1,1,1,0,1,1,1,1,0,1,1,1,2,1,1
FRA,93,Paca,2020-03-30,,,5055651,2108,1,1,1,1,0,1,1,1,1,0,1,1,1,2,1,1
FRA,93,Paca,2020-03-31,,,5055651,2244,1,1,1,1,0,1,1,1,1,0,1,1,1,2,1,1
FRA,93,Paca,2020-04-01,,,5055651,2383,1,1,1,1,0,1,1,1,1,0,1,1,1,2,1,1
FRA,93,Paca,2020-04-02,,,5055651,2513,1,1,1,1,0,1,1,1,1,0,1,1,1,2,1,1
FRA,93,Paca,2020-04-03,,,5055651,2662,1,1,1,1,0,1,1,1,1,0,1,1,1,2,1,1
FRA,93,Paca,2020-04-04,,,5055651,2764,1,1,1,1,0,1,1,1,1,0,1,1,1,2,1,1
FRA,93,Paca,2020-04-05,,,5055651,2859,1,1,1,1,0,1,1,1,1,0,1,1,1,2,1,1
FRA,93,Paca,2020-04-06,,,5055651,2968,1,1,1,1,0,1,1,1,1,0,1,1,1,2,1,1
FRA,94,Corse,2020-02-15,0,0,344679,,0,0,0,0,0,0,0,0,0,0,0,0,0,99999,0,0
FRA,94,Corse,2020-02-16,0,0,344679,,0,0,0,0,0,0,0,0,0,0,0,0,0,99999,0,0
FRA,94,Corse,2020-02-17,0,0,344679,,0,0,0,0,0,0,0,0,0,0,0,0,0,99999,0,0
FRA,94,Corse,2020-02-18,0,0,344679,,0,0,0,0,0,0,0,0,0,0,0,0,0,99999,0,0
FRA,94,Corse,2020-02-19,0,0,344679,,0,0,0,0,0,0,0,0,0,0,0,0,0,99999,0,0
FRA,94,Corse,2020-02-20,0,0,344679,,0,0,0,0,0,0,0,0,0,0,0,0,0,99999,0,0
FRA,94,Corse,2020-02-21,0,0,344679,,0,0,0,0,0,0,0,0,0,0,0,0,0,99999,0,0
FRA,94,Corse,2020-02-22,0,0,344679,,0,0,0,0,0,0,0,0,0,0,0,0,0,99999,0,0
FRA,94,Corse,2020-02-23,0,0,344679,,0,0,0,0,0,0,0,0,0,0,0,0,0,99999,0,0
FRA,94,Corse,2020-02-24,0,0,344679,0,0,0,0,0,0,0,0,0,0,0,0,0,0,99999,0,0
FRA,94,Corse,2020-02-25,0,0,344679,0,0,0,0,0,0,0,0,0,0,0,0,0,0,99999,0,0
FRA,94,Corse,2020-02-26,0,0,344679,0,0,0,0,0,0,0,0,0,0,0,0,0,0,99999,0,0
FRA,94,Corse,2020-02-27,0,0,344679,0,0,0,0,0,0,0,0,0,0,0,0,0,0,99999,0,0
FRA,94,Corse,2020-02-28,0,0,344679,0,0,0,0,0,0,0,0,0,0,0,0,0,0,99999,0,0
FRA,94,Corse,2020-02-29,,0,344679,0,0,0,0,0,0,0,0,0,0,0,0,1,0,5000,0,0
FRA,94,Corse,2020-03-01,,0,344679,3,0,0,0,0,0,0,0,0,0,0,0,1,0,5000,0,0
FRA,94,Corse,2020-03-02,0,0,344679,7,0,0,0,0,0,0,0,0,0,0,0,1,0,5000,0,0
FRA,94,Corse,2020-03-03,0,0,344679,17,0,0,0,0,0,0,0,0,0,0,0,1,0,5000,0,0
FRA,94,Corse,2020-03-04,0,0,344679,24,0,0,0,0,0,0,0,0,0,0,0,1,0,5000,0,0
FRA,94,Corse,2020-03-05,3,3,344679,31,0,0,0,0,0,0,0,0,0,0,0,1,0,5000,0,0
FRA,94,Corse,2020-03-06,3,3,344679,58,0,0,0,0,0,0,0,0,0,0,0,1,0,5000,0,0
FRA,94,Corse,2020-03-07,4,5,344679,79,0,0,0,0,0,0,0,0,0,0,0,1,0,5000,0,0
FRA,94,Corse,2020-03-08,5,5,344679,94,1,.4712239504,0,0,0,1,.4712239504,0,0,0,0,1,0,1000,1,.471224
FRA,94,Corse,2020-03-09,7,28,344679,107,1,.4712239504,0,0,0,1,.4712239504,0,0,0,0,1,0,1000,1,.471224
FRA,94,Corse,2020-03-10,8,42,344679,121,1,.4712239504,0,0,0,1,.4712239504,0,0,0,0,1,0,1000,1,.471224
FRA,94,Corse,2020-03-11,10,51,344679,140,1,.4712239504,0,0,0,1,.4712239504,.5,.5,0,0,1,0,1000,1,.471224
FRA,94,Corse,2020-03-12,13,64,344679,166,1,.4712239504,0,0,0,1,.4712239504,.5,.5,0,0,1,0,1000,1,.471224
FRA,94,Corse,2020-03-13,16,85,344679,204,1,.4712239504,0,0,0,1,.4712239504,.5,.5,0,0,1,0,100,1,.471224
FRA,94,Corse,2020-03-14,20,106,344679,224,1,.4712239504,0,0,0,1,.4712239504,.5,.5,0,0,1,0,100,1,.471224
FRA,94,Corse,2020-03-15,25,115,344679,259,1,.4712239504,0,0,0,1,.4712239504,.5,.5,0,1,1,1,100,1,.471224
FRA,94,Corse,2020-03-16,32,126,344679,294,1,.4712239504,0,0,0,1,.4712239504,.5,.5,0,1,1,1,100,1,1
FRA,94,Corse,2020-03-17,40,145,344679,327,1,1,.33000001,.3300000131,0,1,1,1,1,0,1,1,1,2,1,1
FRA,94,Corse,2020-03-18,49,152,344679,354,1,1,.33000001,.3300000131,0,1,1,1,1,0,1,1,1,2,1,1
FRA,94,Corse,2020-03-19,61,162,344679,393,1,1,.33000001,.3300000131,0,1,1,1,1,0,1,1,1,2,1,1
FRA,94,Corse,2020-03-20,76,168,344679,432,1,1,.33000001,.3300000131,0,1,1,1,1,0,1,1,1,2,1,1
FRA,94,Corse,2020-03-21,94,173,344679,456,1,1,.33000001,.3300000131,0,1,1,1,1,0,1,1,1,2,1,1
FRA,94,Corse,2020-03-22,117,183,344679,496,1,1,.33000001,.3300000131,0,1,1,1,1,0,1,1,1,2,1,1
FRA,94,Corse,2020-03-23,146,194,344679,587,1,1,1,1,0,1,1,1,1,0,1,1,1,2,1,1
FRA,94,Corse,2020-03-24,181,217,344679,682,1,1,1,1,0,1,1,1,1,0,1,1,1,2,1,1
FRA,94,Corse,2020-03-25,225,225,344679,729,1,1,1,1,0,1,1,1,1,0,1,1,1,2,1,1
FRA,94,Corse,2020-03-26,,,344679,796,1,1,1,1,0,1,1,1,1,0,1,1,1,2,1,1
FRA,94,Corse,2020-03-27,,,344679,864,1,1,1,1,0,1,1,1,1,0,1,1,1,2,1,1
FRA,94,Corse,2020-03-28,,,344679,905,1,1,1,1,0,1,1,1,1,0,1,1,1,2,1,1
FRA,94,Corse,2020-03-29,,,344679,949,1,1,1,1,0,1,1,1,1,0,1,1,1,2,1,1
FRA,94,Corse,2020-03-30,,,344679,1002,1,1,1,1,0,1,1,1,1,0,1,1,1,2,1,1
FRA,94,Corse,2020-03-31,,,344679,1042,1,1,1,1,0,1,1,1,1,0,1,1,1,2,1,1
FRA,94,Corse,2020-04-01,,,344679,1089,1,1,1,1,0,1,1,1,1,0,1,1,1,2,1,1
FRA,94,Corse,2020-04-02,,,344679,1132,1,1,1,1,0,1,1,1,1,0,1,1,1,2,1,1
FRA,94,Corse,2020-04-03,,,344679,1160,1,1,1,1,0,1,1,1,1,0,1,1,1,2,1,1
FRA,94,Corse,2020-04-04,,,344679,1165,1,1,1,1,0,1,1,1,1,0,1,1,1,2,1,1
FRA,94,Corse,2020-04-05,,,344679,1179,1,1,1,1,0,1,1,1,1,0,1,1,1,2,1,1
FRA,94,Corse,2020-04-06,,,344679,1199,1,1,1,1,0,1,1,1,1,0,1,1,1,2,1,1
